"Date","Bus","BusPrior","BusPctPrior","Bus7DayAvg","Bus7DayAvgPrior","Bus7DayAvgPctPrior"
2020-03-01,984900,975148.514851485,1.01,NA,NA,NA
2020-03-02,2209100,1577928.57142857,1.4,NA,NA,NA
2020-03-03,2228600,2297525.77319588,0.97,NA,NA,NA
2020-03-04,2177200,2244536.08247423,0.97,NA,NA,NA
2020-03-05,2244500,2267171.71717172,0.99,NA,NA,NA
2020-03-06,2066700,2222258.06451613,0.93,NA,NA,NA
2020-03-07,1249100,1372637.36263736,0.91,1880014.28571429,1851029.44089648,1.0156587702915
2020-03-08,957200,894579.439252337,1.07,1876057.14285714,1839519.57295375,1.01986256109508
2020-03-09,2124800,2284731.1827957,0.93,1864014.28571429,1940491.37457762,0.960588802472785
2020-03-10,2112000,2320879.12087912,0.91,1847357.14285714,1943827.5671038,0.950370894065263
2020-03-11,2113000,2347777.77777778,0.9,1838185.71428571,1958576.38071859,0.938531543820258
2020-03-12,1938400,2363902.43902439,0.82,1794457.14285714,1972395.05526897,0.909785865698408
2020-03-13,1715700,2228181.81818182,0.77,1744314.28571429,1973241.30579264,0.883984275310718
2020-03-14,993300,1360684.93150685,0.73,1707771.42857143,1971533.81563114,0.866214626922199
2020-03-15,711600,1031304.34782609,0.69,1672685.71428571,1991065.94542739,0.840095587053328
2020-03-16,1237300,2249636.36363636,0.55,1545900,1986052.3998332,0.778378254334998
2020-03-17,1094900,2329574.46808511,0.47,1400600,1987294.5922912,0.704777241096004
2020-03-18,1059500,2354444.44444444,0.45,1250100,1988246.97324358,0.628744827389636
2020-03-19,933600,2171162.79069767,0.43,1106557.14285714,1960712.73776833,0.564364744279989
2020-03-20,868600,2118536.58536585,0.41,985542.857142857,1945049.13308034,0.506693039461718
2020-03-21,564900,1313720.93023256,0.43,924342.857142857,1938339.99004116,0.476873439072591
2020-03-22,378900,1082571.42857143,0.35,876814.285714286,1945663.85871906,0.45065044600846
2020-03-23,578200,2223846.15384615,0.26,782657.142857143,1941979.54303475,0.403020281889313
2020-03-24,657800,2349285.71428571,0.28,720214.285714286,1944795.43534912,0.370329070411972
2020-03-25,618000,2288888.88888889,0.27,657142.857142857,1935430.35598404,0.339533197415798
2020-03-26,646100,2307500,0.28,616071.428571429,1954907.10017009,0.315141025636373
2020-03-27,641800,2213103.44827586,0.29,583671.428571429,1968416.65201437,0.296518233563067
2020-03-28,403700,1392068.96551724,0.29,560642.857142857,1979609.22848361,0.283208852068401
2020-03-29,306800,989677.419354839,0.31,550342.857142857,1966338.65573839,0.279882031275125
2020-03-30,563900,2255600,0.25,548300,1970874.91947465,0.278201317892945
2020-03-31,514300,2337727.27272727,0.22,527800,1969223.71353773,0.268024397823141
2020-04-01,495400,2359047.61904762,0.21,510285.714285714,1979246.38927469,0.257818186280846
2020-04-02,472700,2363500,0.2,485514.285714286,1987246.38927469,0.244315092650132
2020-04-03,483800,2199090.90909091,0.22,462942.857142857,1985244.59796255,0.23319184830825
2020-04-04,383400,1420000,0.27,460042.857142857,1989234.74574581,0.23126624855448
2020-04-05,299600,998666.666666667,0.3,459014.285714286,1990518.92393321,0.230600312408629
2020-04-06,454900,2274500,0.2,443442.857142857,1993218.92393321,0.222475741032908
2020-04-07,441000,2321052.63157895,0.19,432971.428571429,1990836.83234059,0.217482126881484
2020-04-08,431700,2398333.33333333,0.18,423871.428571429,1996449.07723855,0.212312667227014
2020-04-09,401900,2364117.64705882,0.17,413757.142857143,1996537.31253267,0.207237370551457
2020-04-10,414100,2179473.68421053,0.19,403800,1993734.85183547,0.202534454181936
2020-04-11,378200,1400740.74074074,0.27,403057.142857143,1990983.52908415,0.202441224133355
2020-04-12,279100,996785.714285714,0.28,400128.571428571,1990714.82160115,0.200997434231561
2020-04-13,347800,2173750,0.16,384828.571428571,1976321.9644583,0.194719574213735
2020-04-14,470900,2354500,0.2,389100,1981100.15994702,0.196406021192995
2020-04-15,454100,2390000,0.19,392300,1979909.68375654,0.198140351157674
2020-04-16,447000,2235000,0.2,398742.857142857,1961464.30560528,0.203288357582327
2020-04-17,470300,1741851.85185185,0.27,406771.428571429,1898946.90098262,0.214208953584191
2020-04-18,352000,1213793.10344828,0.29,403028.571428571,1872240.09565512,0.215265431161246
2020-04-19,318100,994062.5,0.32,408600,1871851.06504288,0.218286597492008
2020-04-20,498700,1847037.03703704,0.27,430157.142857143,1825177.78461959,0.235679585014671
2020-04-21,450900,2049545.45454545,0.22,427300,1781612.84955466,0.239838862919523
2020-04-22,518900,1995769.23076923,0.26,436557.142857143,1725294.16823598,0.253033454175237
2020-04-23,487300,1949200,0.25,442314.285714286,1684465.59680741,0.262584339242434
2020-04-24,475400,1760740.74074074,0.27,443042.857142857,1687164.00950582,0.262596199685783
2020-04-25,430800,1346250,0.32,454300,1706086.42329892,0.266281938473877
2020-04-26,293500,978333.333333333,0.3,450785.714285714,1703839.3994894,0.264570542517566
2020-04-27,518400,2253913.04347826,0.23,453600,1761964.54326672,0.25743991372211
2020-04-28,555600,2315000,0.24,468557.142857143,1799886.6211888,0.260325921278124
2020-04-29,519600,2361818.18181818,0.22,468657.142857143,1852179.3284815,0.253030111960794
2020-04-30,488800,2327619.04761905,0.21,468871.428571429,1906239.19242708,0.245966734098278
2020-05-01,555300,2221200,0.25,480285.714285714,1972019.08660697,0.243550236175496
2020-05-02,478600,1407647.05882353,0.34,487114.285714286,1980790.09501034,0.245919184946118
2020-05-03,375900,835333.333333333,0.45,498885.714285714,1960361.52358176,0.254486587440363
2020-05-04,578300,2313200,0.25,507442.857142857,1968831.08879916,0.257738137126004
2020-05-05,583400,2333600,0.25,511414.285714286,1971488.2316563,0.259405193245629
2020-05-06,538800,2449090.90909091,0.22,514157.142857143,1983955.76412383,0.259157563971296
2020-05-07,605600,2329230.76923077,0.26,530842.857142857,1984186.01006836,0.267536841026597
2020-05-08,573700,2294800,0.25,533471.428571429,1994700.29578265,0.267444402399366
2020-05-09,462400,1445000,0.32,531157.142857143,2000036.43023643,0.265573733971612
2020-05-10,386000,839130.434782609,0.46,532600,2000578.87330061,0.266222945322471
2020-05-11,553300,2128076.92307692,0.26,529028.571428571,1974132.71945446,0.267980245813851
2020-05-12,594900,2288076.92307692,0.26,530671.428571429,1967629.42275116,0.269700901214131
2020-05-13,611300,2351153.84615385,0.26,541028.571428571,1953638.41376015,0.276933831571861
2020-05-14,616000,2369230.76923077,0.26,542514.285714286,1959352.69947444,0.276884445490496
2020-05-15,671500,2238333.33333333,0.3,556485.714285714,1951286.03280777,0.285189205954069
2020-05-16,530600,1434054.05405405,0.37,566228.571428571,1949722.32624407,0.290414980536921
2020-05-17,413500,1117567.56756757,0.37,570157.142857143,1989499.05949906,0.286583268353343
2020-05-18,624200,2229285.71428571,0.28,580285.714285714,2003957.45824317,0.289569876794909
2020-05-19,643600,2298571.42857143,0.28,587242.857142857,2005456.67331382,0.292822510182929
2020-05-20,654800,2338571.42857143,0.28,593457.142857143,2003659.18508776,0.29618667050462
2020-05-21,655300,2184333.33333333,0.3,599071.428571429,1977245.26567384,0.30298286154564
2020-05-22,690200,2226451.61290323,0.31,601742.857142857,1975547.87704096,0.304595431037675
2020-05-23,460700,1316285.71428571,0.35,591757.142857143,1958723.82850263,0.302113618186551
2020-05-24,461200,1072558.13953488,0.43,598571.428571429,1952293.91021225,0.306599034827883
2020-05-25,531600,1155652.17391304,0.46,585342.857142857,1798917.69015901,0.325386125415843
2020-05-26,709000,2148484.84848485,0.33,594685.714285714,1777476.75014664,0.334567365922876
2020-05-27,719200,2179393.93939394,0.33,603885.714285714,1754737.10883557,0.34414597562506
2020-05-28,710800,2221250,0.32,611814.285714286,1760010.91835938,0.347619596749205
2020-05-29,720800,2184242.42424242,0.33,616185.714285714,1753981.03426498,0.351306942462997
2020-05-30,622000,1413636.36363636,0.44,639228.571428571,1767888.2698865,0.361577472013891
2020-05-31,468300,1089069.76744186,0.43,640242.857142857,1770247.07387321,0.361668643090616
2020-06-01,764300,2247941.17647059,0.34,673485.714285714,1926288.35995286,0.349628709951918
2020-06-02,724400,2130588.23529412,0.34,675685.714285714,1923731.70092561,0.351236980687382
2020-06-03,741200,2316250,0.32,678828.571428571,1943282.56672648,0.349320568738534
2020-06-04,797700,2155945.94594595,0.37,691242.857142857,1933953.41614733,0.357424771130164
2020-06-05,772900,2208285.71428571,0.35,698685.714285714,1937388.1718678,0.360632796478841
2020-06-06,648000,1408695.65217391,0.46,702400,1936682.35594459,0.362682087666056
2020-06-07,531900,1085510.20408163,0.49,711485.714285714,1936173.84689313,0.367469953913176
2020-06-08,863400,2055714.28571429,0.42,725642.857142857,1908712.86249937,0.380173923170749
2020-06-09,916900,2236341.46341463,0.41,753142.857142857,1923820.46651659,0.39148292174402
2020-06-10,914700,2345384.61538462,0.39,777928.571428571,1927982.55442868,0.403493573964987
2020-06-11,830100,2184473.68421053,0.38,782557.142857143,1932057.94560933,0.405038132854934
2020-06-12,966300,2247209.30232558,0.43,810185.714285714,1937618.45818646,0.418134804023296
2020-06-13,706800,1413600,0.5,818585.714285714,1938319.07930447,0.422317317631445
2020-06-14,571200,1038545.45454545,0.55,824200,1931609.82937073,0.426690725770693
2020-06-15,940900,2188139.53488372,0.43,835271.428571429,1950527.72210922,0.428228432287136
2020-06-16,961000,2089130.43478261,0.46,841571.428571429,1929497.57516179,0.436160915362054
2020-06-17,977200,2171555.55555556,0.45,850500,1904664.85232906,0.446535252099597
2020-06-18,977700,2036875,0.48,871585.714285714,1883579.32601327,0.462728435297963
2020-06-19,1035300,1882363.63636364,0.55,881442.857142857,1831458.51659014,0.481279182224641
2020-06-20,768500,1397272.72727273,0.55,890257.142857143,1829126.04905767,0.486711751393943
2020-06-21,592400,1117735.8490566,0.53,893285.714285714,1840438.96255926,0.485365574440749
2020-06-22,1016200,2117083.33333333,0.48,904042.857142857,1830288.07662349,0.493934735569403
2020-06-23,1086200,2088846.15384615,0.52,921928.571428571,1830247.46506114,0.50371798842938
2020-06-24,1099900,2244693.87755102,0.49,939457.142857143,1840695.79677478,0.510381533169812
2020-06-25,1088500,2093269.23076923,0.52,955285.714285714,1848752.1154561,0.516719200102193
2020-06-26,1130100,1982631.57894737,0.57,968828.571428571,1863076.10725378,0.520015563323739
2020-06-27,753900,1322631.57894737,0.57,966742.857142857,1852413.08606444,0.521882977622858
2020-06-28,641800,1106551.72413793,0.58,973800,1850815.3539332,0.526146488859929
2020-06-29,1087500,2051886.79245283,0.53,983985.714285714,1841501.56237884,0.534338788729892
2020-06-30,1082000,2080769.23076923,0.52,983385.714285714,1840347.716225,0.534347778746333
2020-07-01,1102200,2079622.64150943,0.53,983714.285714286,1816766.1110762,0.541464462440662
2020-07-02,1178500,2067543.85964912,0.57,996571.428571429,1813091.05805904,0.549653269835373
2020-07-03,968200,1112873.56321839,0.87,973442.857142857,1688839.9129549,0.576397353991747
2020-07-04,754900,1279491.52542373,0.59,973585.714285714,1682677.04816581,0.578593328617018
2020-07-05,658700,1097833.33333333,0.6,976000,1681431.56376515,0.580457760537389
2020-07-06,1030200,2060400,0.5,967814.285714286,1682647.73627189,0.575173439366813
2020-07-07,1118800,2151538.46153846,0.52,973071.428571429,1692757.62638178,0.574843919416473
2020-07-08,1114900,2186078.43137255,0.51,974885.714285714,1707965.59636223,0.570787676497765
2020-07-09,1195700,2097719.29824561,0.57,977342.857142857,1712276.37330458,0.57078569346644
2020-07-10,926800,2059555.55555556,0.45,971428.571428571,1847516.65792418,0.525802334318351
2020-07-11,852600,1445084.74576271,0.59,985385.714285714,1871172.83225832,0.526613948908425
2020-07-12,727700,1137031.25,0.64,995242.857142857,1876772.53463927,0.530294875257299
2020-07-13,1144100,2080181.81818182,0.55,1011514.28571429,1879598.50866524,0.538154441520913
2020-07-14,1211300,2163035.71428571,0.56,1024728.57142857,1881240.97334342,0.544708831004983
2020-07-15,1229000,2118965.51724138,0.58,1041028.57142857,1871653.41418183,0.556207983561767
2020-07-16,1211800,2053898.30508475,0.59,1043328.57142857,1865393.2723017,0.559307566356349
2020-07-17,1176200,2063508.77192982,0.57,1078957.14285714,1865958.01749803,0.578232271433343
2020-07-18,913700,1269027.77777778,0.72,1087685.71428571,1840807.02207161,0.590874383487333
2020-07-19,692800,1034029.85074627,0.67,1082700,1826092.53646393,0.592905331126621
2020-07-20,1130400,1983157.89473684,0.57,1080742.85714286,1812231.97597179,0.596360108127613
2020-07-21,1204300,2041186.44067797,0.59,1079742.85714286,1794824.93688497,0.601586725787762
2020-07-22,1189100,2202037.03703704,0.54,1074042.85714286,1806692.29685578,0.594480232750222
2020-07-23,1180200,2145818.18181818,0.55,1069528.57142857,1819823.7078177,0.587709989068738
2020-07-24,1134300,2025535.71428571,0.56,1063542.85714286,1814398.98529711,0.58616812826794
2020-07-25,967300,1401884.05797101,0.69,1071200,1833378.45389615,0.584276529334995
2020-07-26,721100,1126718.75,0.64,1075242.85714286,1846619.72521811,0.582276276192088
2020-07-27,1185000,2078947.36842105,0.57,1083042.85714286,1860303.93574442,0.582185973126732
2020-07-28,1210600,2123859.64912281,0.57,1083942.85714286,1872114.39409369,0.578993922894123
2020-07-29,1273100,2053387.09677419,0.62,1095942.85714286,1850878.68834185,0.592120306990341
2020-07-30,1224100,2147543.85964912,0.57,1102214.28571429,1851125.21374627,0.595429351579975
2020-07-31,1220700,2034500,0.6,1114557.14285714,1852405.82599117,0.60168086669711
2020-08-01,969300,1404782.60869565,0.69,1114842.85714286,1852819.90466612,0.601700604756701
2020-08-02,707000,1140322.58064516,0.62,1112828.57142857,1854763.309044,0.599984141373897
2020-08-03,1268300,2045645.16129032,0.62,1124728.57142857,1850005.85088247,0.607959467204965
2020-08-04,968100,2104565.2173913,0.46,1090085.71428571,1847249.50349225,0.590112874424864
2020-08-05,1305000,1977272.72727273,0.66,1094642.85714286,1836376.0221349,0.596088624523788
2020-08-06,1241800,2104745.76271186,0.59,1097171.42857143,1830262.00828672,0.59946140148452
2020-08-07,1256300,2026290.32258065,0.62,1102257.14285714,1829089.19722681,0.602626238528082
2020-08-08,962000,1374285.71428571,0.7,1101214.28571429,1824732.49802539,0.603493545988768
2020-08-09,766700,1095285.71428571,0.7,1109742.85714286,1818298.65997404,0.610319350484865
2020-08-10,1243700,1974126.98412698,0.63,1106228.57142857,1808081.77752214,0.611824412579717
2020-08-11,1256400,1963125,0.64,1147414.28571429,1787876.03218052,0.641775081192224
2020-08-12,1227500,2012295.08196721,0.61,1136342.85714286,1792879.22570831,0.633808926361968
2020-08-13,1198800,2066896.55172414,0.58,1130200,1787472.1955672,0.632289555497877
2020-08-14,1321800,1972835.82089552,0.67,1139557.14285714,1779835.83818361,0.640259690478029
2020-08-15,1001000,1390277.77777778,0.72,1145128.57142857,1782120.41868248,0.642565204586548
2020-08-16,622000,1091228.07017544,0.57,1124457.14285714,1781540.75523815,0.631171158757369
2020-08-17,1275000,1931818.18181818,0.66,1128928.57142857,1775496.64062261,0.635838190621804
2020-08-18,1307400,2011384.61538462,0.65,1136214.28571429,1782390.87139184,0.637466396372999
2020-08-19,1212800,1988196.72131148,0.61,1134114.28571429,1778948.24844102,0.637519549378778
2020-08-20,1352700,1989264.70588235,0.68,1156100,1767857.98474934,0.653955244127781
2020-08-21,1335800,1908285.71428571,0.7,1158100,1758636.54094794,0.658521515409752
2020-08-22,998700,1368082.19178082,0.73,1157771.42857143,1755465.74294837,0.65952379488016
2020-08-23,783200,1103098.5915493,0.71,1180800,1757161.53171607,0.671992858190343
2020-08-24,1270700,1925303.03030303,0.66,1180185.71428571,1756230.79578533,0.671999213951816
2020-08-25,1273400,2053870.96774194,0.62,1175328.57142857,1762300.27469352,0.666928666077053
2020-08-26,1361400,2031940.29850746,0.67,1196557.14285714,1768549.35715009,0.676575487146892
2020-08-27,1274100,2088688.52459016,0.61,1185328.57142857,1782752.75982263,0.664886684313141
2020-08-28,1333400,1990149.25373134,0.67,1184985.71428571,1794447.55117201,0.66036241266108
2020-08-29,892800,1332537.31343284,0.67,1169857.14285714,1789369.71140801,0.653781683795582
2020-08-30,822300,1081973.68421053,0.76,1175442.85714286,1786351.86750247,0.658013059199957
2020-08-31,987400,2146521.73913043,0.46,1134971.42857143,1817954.5401921,0.624312326562081
2020-09-01,996600,2120425.53191489,0.47,1095428.57142857,1827462.33507395,0.599426073196875
2020-09-02,994000,2160869.56521739,0.46,1042942.85714286,1845880.8017468,0.565010945536622
2020-09-03,1030700,2290444.44444444,0.45,1008171.42857143,1874703.0760117,0.537776590582144
2020-09-04,1034500,2155208.33333333,0.48,965471.428571429,1898282.94452627,0.50860248803024
2020-09-05,740100,1423269.23076923,0.52,943657.142857143,1911244.64700289,0.493739587099398
2020-09-06,580400,1095094.33962264,0.53,909100,1913119.02634748,0.475192597783971
2020-09-07,650300,942463.768115942,0.69,860942.857142857,1741110.74477398,0.49447909027442
2020-09-08,1032900,2402093.02325581,0.43,866128.571428571,1781348.95782269,0.486220606931068
2020-09-09,1081700,2458409.09090909,0.44,878657.142857143,1823854.60435007,0.481758326985857
2020-09-10,989000,2412195.12195122,0.41,872700,1841247.55827961,0.473972115306112
2020-09-11,1072600,2331739.13043478,0.46,878142.857142857,1866466.24357982,0.470484189126619
2020-09-12,759700,1381272.72727273,0.55,880942.857142857,1860466.74308032,0.473506371677629
2020-09-13,577400,1110384.61538462,0.52,880514.285714286,1862651.06818917,0.472721005427121
2020-09-14,1044500,2373863.63636364,0.44,936828.571428571,2067136.76365313,0.453201059504631
2020-09-15,1087600,2416888.88888889,0.45,944642.857142857,2069250.45874357,0.456514508986233
2020-09-16,1075300,2443863.63636364,0.44,943728.571428571,2067172.53666564,0.456531109372616
2020-09-17,1060400,2410000,0.44,953928.571428571,2066858.94781547,0.461535400099174
2020-09-18,1074200,2335217.39130435,0.46,954157.142857143,2067355.84222541,0.461535031061725
2020-09-19,761600,1436981.13207547,0.53,954428.571428571,2075314.18576866,0.459895941527075
2020-09-20,585500,1125961.53846154,0.52,955585.714285714,2077539.46049393,0.459960319626625
2020-09-21,1021200,2320909.09090909,0.44,952257.142857143,2069974.525429,0.460033266670173
2020-09-22,1061900,2359777.77777778,0.45,948585.714285714,2061815.79527027,0.460072968914942
2020-09-23,1093600,2430222.22222222,0.45,951200,2059867.02182149,0.461777381706357
2020-09-24,1070500,2378888.88888889,0.45,952642.857142857,2055422.57737705,0.463477859797832
2020-09-25,1077600,2292765.95744681,0.47,953128.571428571,2049358.08682597,0.465086398299854
2020-09-26,756300,1400555.55555556,0.54,952371.428571429,2044154.43303741,0.465899940424902
2020-09-27,586900,1086851.85185185,0.54,952571.428571429,2038567.33495031,0.467274939728516
2020-09-28,955300,1910600,0.5,943157.142857143,1979951.75053473,0.476353599325045
2020-09-29,1023100,2046200,0.5,937614.285714286,1935154.9251379,0.484516393770111
2020-09-30,1077000,2393333.33333333,0.45,935242.857142857,1929885.08386806,0.484610645970874
2020-10-01,1150563,2310367.46987952,0.498,946680.428571429,1920096.30972387,0.493037991780513
2020-10-02,1109459,2335703.15789474,0.475,951231.714285714,1926230.19550214,0.493830756317129
2020-10-03,773305,1408570.12750455,0.549,953661,1927375.134352,0.494797812321383
2020-10-04,566754,1075434.53510436,0.527,950783,1925744.08910236,0.493722403397424
2020-10-05,1092193,2348802.15053763,0.465,970339.142857143,1988344.39632202,0.488013618089526
2020-10-06,1133242,2308028.51323829,0.491,986073.714285714,2025748.46964178,0.486770065021985
2020-10-07,1124542,1834489.39641109,0.613,992865.428571429,1945913.62151003,0.510230987437647
2020-10-08,1128062,2374867.36842105,0.475,989651,1955127.89273025,0.50618223169943
2020-10-09,1114870,2279897.75051125,0.489,990424,1947155.69167546,0.508651672916701
2020-10-10,770914,1379094.81216458,0.559,990082.428571429,1942944.93234118,0.509578224318696
2020-10-11,564046,1078481.83556405,0.523,989695.571428571,1943380.26097828,0.509265011743182
2020-10-12,770512,1635906.58174098,0.471,943741.142857143,1841538.03686447,0.512474422990481
2020-10-13,1067179,2350614.53744493,0.454,934303.571428571,1847621.75460828,0.505679027159245
2020-10-14,1161893,2196395.08506616,0.529,939639.428571429,1899322.56727329,0.494723458122439
2020-10-15,1154164,2317598.3935743,0.498,943368.285714286,1891141.28515232,0.498835435046992
2020-10-16,986166,2282791.66666667,0.432,924982,1891554.70174595,0.489006212268785
2020-10-17,780003,1382984.04255319,0.564,926280.428571429,1892110.30608718,0.489548852195062
2020-10-18,585376,978889.632107023,0.598,929327.571428571,1877882.84845046,0.494880483197025
2020-10-19,1104658,2291821.57676349,0.482,977062.714285714,1971584.99059654,0.495572201526086
2020-10-20,1127897,2264853.41365462,0.498,985736.714285714,1959333.40148363,0.503097999319208
2020-10-21,1147375,2400366.10878661,0.478,983662.714285714,1988472.11915798,0.494682678629784
2020-10-22,1146065,2382671.51767152,0.481,982505.714285714,1997768.2797433,0.491801638982855
2020-10-23,1128035,2292754.06504065,0.492,1002772.71428571,1999191.47951101,0.501589129687059
2020-10-24,780710,1399121.86379928,0.558,1002873.71428571,2001496.88254617,0.501061841780101
2020-10-25,576930,871495.468277946,0.662,1001667.14285714,1986154.85914202,0.504324795343423
2020-10-26,1058119,2320436.40350877,0.456,995018.714285714,1990242.6915342,0.499948432680184
2020-10-27,1138746,2323971.42857143,0.49,996568.571428571,1998688.1222366,0.498611344281857
2020-10-28,1109591,2360831.91489362,0.47,991170.857142857,1993040.38025189,0.497315993676751
2020-10-29,974119,2174372.76785714,0.448,966607.142857143,1963283.41599269,0.49234213205453
2020-10-30,1004498,2262382.88288288,0.444,948959,1958944.67568444,0.484423583666773
2020-10-31,724129,1387220.30651341,0.522,940876,1957244.45321503,0.480714607955327
2020-11-01,510667,991586.40776699,0.515,931409.857142857,1974400.30171346,0.47174316998156
2020-11-02,1064298,2313691.30434783,0.46,932292.571428571,1973436.71611904,0.472420809754678
2020-11-03,1017551,2102378.09917355,0.484,914979,1941780.52620506,0.471206188161851
2020-11-04,1083036,2380298.9010989,0.455,911185.428571429,1944561.52423439,0.468581434537115
2020-11-05,1125820,2340582.12058212,0.481,932857,1968305.71748081,0.473939079541943
2020-11-06,1114000,2184313.7254902,0.51,948500.142857143,1957152.98071043,0.484632602665963
2020-11-07,749502,1308031.41361257,0.573,952124.857142857,1945840.28172459,0.489312954452249
2020-11-08,584868,1051920.86330935,0.556,962725,1954459.48965922,0.492578641355141
2020-11-09,1099361,2194333.33333333,0.501,967734,1937408.35094286,0.499499240585518
2020-11-10,1146090,2195574.71264368,0.522,986096.714285714,1950722.15286716,0.505503417201857
2020-11-11,968853,1814331.46067416,0.534,969784.857142857,1869869.66137791,0.518637676825142
2020-11-12,1058761,2291690.47619048,0.462,960205,1862885.14075054,0.515439722501165
2020-11-13,1061880,2230840.33613445,0.476,952759.285714286,1869531.799414,0.509624541295807
2020-11-14,755714,1316574.91289199,0.574,953646.714285714,1870752.29931106,0.509766426392693
2020-11-15,524515,1010626.20423892,0.519,945024.857142857,1864853.062301,0.506755666838873
2020-11-16,1051458,2172433.88429752,0.484,938181.571428571,1861724.5695816,0.503931455145063
2020-11-17,1094353,2323467.09129512,0.471,930790.571428571,1879994.90938895,0.495102708406325
2020-11-18,1072627,2326739.69631236,0.461,945615.428571429,1953196.08590869,0.484137478768035
2020-11-19,1058467,2331425.11013216,0.454,945573.428571429,1958872.46218607,0.482713115235783
2020-11-20,1073124,2190048.97959184,0.49,947179.714285714,1953045.12553713,0.484975847153158
2020-11-21,750818,1357717.90235081,0.553,946480.285714286,1958922.69545982,0.483163673537468
2020-11-22,543514,932271.012006861,0.583,949194.428571429,1947729.09656952,0.487333906056656
2020-11-23,1002977,2274324.26303855,0.441,942268.571428571,1962284.8649611,0.480189491471846
2020-11-24,1064087,2303218.61471861,0.462,937944.857142857,1959392.22545017,0.478691731527803
2020-11-25,1032401,2141910.78838174,0.482,932198.285714286,1932988.0957458,0.482257644403454
2020-11-26,443386,816548.802946593,0.543,844329.571428571,1716577.19471929,0.491868104752869
2020-11-27,812188,1417431.06457243,0.573,807053,1606203.20685937,0.502460085095983
2020-11-28,684962,1225334.52593918,0.559,797645,1587291.29594342,0.502519608113841
2020-11-29,545820,819549.54954955,0.666,797974.428571429,1571188.22987809,0.507879586542818
2020-11-30,819615,1960801.4354067,0.418,771779.857142857,1526399.25450211,0.505621222538266
2020-12-01,1051162,2231766.45435244,0.471,769933.428571429,1516191.80302123,0.507807407372355
2020-12-02,1018368,2288467.41573034,0.445,767928.714285714,1537128.46407103,0.499586555213402
2020-12-03,1056963,2282857.45140389,0.463,855582.571428571,1746601.12813636,0.48985573045031
2020-12-04,1012813,2201767.39130435,0.46,884243.285714286,1858649.17481235,0.47574512592112
2020-12-05,619735,1321396.58848614,0.469,874925.142857143,1872372.32660477,0.467281603356994
2020-12-06,545433,1034977.22960152,0.527,874869.857142857,1903147.70946934,0.459696245745844
2020-12-07,1018044,2056654.54545455,0.495,903216.857142857,1916841.01090475,0.471200716180702
2020-12-08,1029646,2238360.86956522,0.46,900143.142857143,1917783.07022086,0.469366508044875
2020-12-09,1017090,2211065.2173913,0.46,899960.571428571,1906725.61331528,0.471992700545824
2020-12-10,1066582,2236020.96436059,0.477,901334.714285714,1900034.68659481,0.474378031435343
2020-12-11,1053576,2111374.749499,0.499,907158,1887121.45205119,0.480709918809928
2020-12-12,704357,1282981.78506375,0.549,919246.857142857,1881633.62299085,0.488536581144697
2020-12-13,579527,1053685.45454545,0.55,924117.428571429,1884306.22655427,0.490428474707805
2020-12-14,950309,2179607.79816514,0.436,914441,1901870.97694149,0.480811270105486
2020-12-15,1076717,2043106.26185958,0.527,921165.428571429,1873977.46155497,0.49155630068628
2020-12-16,854245,2207351.42118863,0.387,897901.857142857,1873446.91924031,0.479277981095382
2020-12-17,525802,2045922.17898833,0.257,820647.571428571,1846289.94990141,0.444484665841566
2020-12-18,938457,2076232.30088496,0.452,804202,1841269.60009941,0.436764936518032
2020-12-19,669751,1266069.94328922,0.529,799258.285714286,1838853.62270304,0.434650303779703
2020-12-20,516601,1043638.38383838,0.495,790268.857142857,1837418.32688775,0.430097406550542
2020-12-21,1011638,1829363.47197107,0.553,799030.142857143,1787383.42314574,0.447039025040791
2020-12-22,1031789,1829413.12056738,0.564,792611.857142857,1756855.83153257,0.451153613698305
2020-12-23,1033609,1829396.46017699,0.565,818235.285714286,1702862.26567376,0.480505853120505
2020-12-24,813353,1525990.61913696,0.533,859314,1628586.32855214,0.52764411989382
2020-12-25,312707,668177.35042735,0.468,769921.142857143,1427435.62134391,0.539373637132773
2020-12-26,555857,1208384.7826087,0.46,753650.571428571,1419194.88410383,0.531040930227474
2020-12-27,469973,941829.659318637,0.499,746989.428571429,1404650.78060101,0.531797254440575
2020-12-28,902574,1534989.79591837,0.588,731408.857142857,1362597.39830777,0.536775468712333
2020-12-29,918291,1535603.67892977,0.598,715194.857142857,1320624.62093097,0.541558021717545
2020-12-30,935138,1535530.37766831,0.609,701127.571428571,1278643.75200116,0.548336915838571
2020-12-31,780869,1593610.20408163,0.49,696487,1288303.69270754,0.540623304848442
2021-01-01,378288,756576,0.5,705855.714285714,1300932.07121792,0.54257691842811
2021-01-02,608686,1186522.417154,0.513,713402.714285714,1297808.87615296,0.549697823303863
2021-01-03,413820,942642.369020501,0.439,705380.857142857,1297924.97753894,0.543468127472487
2021-01-04,964597,2092401.30151844,0.461,714241.285714286,1377555.19262466,0.518484696321632
2021-01-05,990479,2153215.2173913,0.46,724553.857142857,1465785.41240488,0.494311002832329
2021-01-06,996123,2142200,0.465,733266,1552452.50130941,0.472327494323678
2021-01-07,989097,2113455.12820513,0.468,763012.857142857,1626716.06189848,0.469051037863592
2021-01-08,982175,2135163.04347826,0.46,849282.428571429,1823657.06810966,0.465702923769415
2021-01-09,643475,1302580.97165992,0.494,854252.285714286,1840236.86161051,0.464207789516115
2021-01-10,501437,994914.682539682,0.504,866769,1847704.33497039,0.469105897299251
2021-01-11,966517,2167078.47533632,0.446,867043.285714286,1858372.50265866,0.466560543956532
2021-01-12,997279,2172721.1328976,0.459,868014.714285714,1861159.0620167,0.466383949658315
2021-01-13,996646,2229633.10961969,0.447,868089.428571429,1873649.50624809,0.463314737188892
2021-01-14,1017757,2151706.13107822,0.473,872183.714285714,1879113.93522996,0.464146264861253
2021-01-15,981817,2032747.41200828,0.483,872132.571428571,1864483.13073425,0.467761041680822
2021-01-16,645625,1015133.64779874,0.636,872439.714285714,1823419.22732551,0.478463592580057
2021-01-17,504031,943878.277153558,0.534,872810.285714286,1816128.31227035,0.480588447312505
2021-01-18,766926,1304295.91836735,0.588,844297.285714286,1692873.66127478,0.498736146133024
2021-01-19,1013616,2077081.96721311,0.488,846631.142857143,1679210.92331985,0.504183918231861
2021-01-20,921371,2132803.24074074,0.432,835877.571428571,1665378.08490857,0.501914597653938
2021-01-21,1007042,2129052.85412262,0.473,834346.857142857,1662141.90248634,0.501970894238804
2021-01-22,1018584,2070292.68292683,0.492,839599.285714286,1667505.51261756,0.503506152969969
2021-01-23,619673,1031069.88352745,0.601,835891.857142857,1669782.11772167,0.500599358605774
2021-01-24,458203,1002632.38512035,0.457,829345,1678175.56171692,0.494194420964816
2021-01-25,978987,2096331.90578158,0.467,859639.428571429,1791323.55991896,0.479890650581473
2021-01-26,911579,2234262.25490196,0.408,845062.714285714,1813777.88673165,0.465913009783398
2021-01-27,1004792,2227920.17738359,0.451,856980,1827366.02053777,0.468970086106669
2021-01-28,950205,2199548.61111111,0.432,848860.428571429,1837436.8429647,0.461980737907593
2021-01-29,812264,2120793.73368146,0.383,819386.142857143,1844651.27878679,0.444195687434238
2021-01-30,566837,1251295.80573951,0.453,811838.142857143,1876112.12481708,0.432723680060591
2021-01-31,427945,970396.825396825,0.441,807515.571428571,1871507.04485658,0.431478777302949
2021-02-01,337228,2189792.20779221,0.154,715835.714285714,1884858.51657238,0.379782200091847
2021-02-02,543073,2262804.16666667,0.24,663192,1888935.93253877,0.351092902927976
2021-02-03,949695,2288421.68674699,0.415,655321,1897579.00530497,0.345345831803551
2021-02-04,1033791,2190235.16949153,0.472,667261.857142857,1896248.51364503,0.351885236740529
2021-02-05,1001775,2109000,0.475,694334.857142857,1894563.69454768,0.366487998868061
2021-02-06,715717,1284949.73070018,0.557,715603.428571429,1899371.39811348,0.376758031252965
2021-02-07,367095,992148.648648649,0.37,706910.571428571,1902478.80143517,0.371573428778969
2021-02-08,964007,2147008.90868597,0.449,796450.428571429,1896366.90156285,0.419987518193367
2021-02-09,992290,2229865.16853933,0.445,860624.285714286,1891661.33040181,0.454956852943376
2021-02-10,1052021,2267286.63793103,0.464,875242.285714286,1888642.03771381,0.463424126031718
2021-02-11,1005348,2209556.04395604,0.455,871179,1891402.16263731,0.460599557941318
2021-02-12,965421,2107906.11353712,0.458,865985.571428571,1891245.89314262,0.457891580660405
2021-02-13,656637,1134088.08290155,0.579,857545.571428571,1869694.22917138,0.458655515992377
2021-02-14,479319,970281.376518219,0.494,873577.571428571,1866570.33315275,0.468012137508392
2021-02-15,726412,1362874.29643527,0.533,839635.428571429,1754551.10283122,0.478547149305913
2021-02-16,963223,1941981.85483871,0.496,835483,1713424.91515971,0.487609928283391
2021-02-17,1061711,2033929.11877395,0.522,836867.285714286,1680088.12670869,0.498109160115139
2021-02-18,725951,1988906.84931507,0.365,796953.428571429,1648566.81318856,0.483421977317383
2021-02-19,809308,1882111.62790698,0.43,774651.571428571,1616310.45809854,0.479271520856141
2021-02-20,679240,1260185.52875696,0.539,777880.571428571,1634324.37893502,0.475964613545974
2021-02-21,516715,1011183.95303327,0.511,783222.857142857,1640167.60415146,0.477526110844055
2021-02-22,927414,2224014.38848921,0.417,811937.428571429,1763187.61730202,0.460494062347053
2021-02-23,1040398,2223072.64957265,0.468,822962.428571429,1803343.44512115,0.456353686147754
2021-02-24,1099351,2248161.55419223,0.489,828339.571428571,1833948.07875234,0.451670132336627
2021-02-25,1069420,2218713.69294606,0.482,877406.571428571,1866777.62784248,0.470011295583519
2021-02-26,1065376,2152274.74747475,0.495,913987.714285714,1905372.3592093,0.479689814890043
2021-02-27,635820,1251614.17322835,0.508,907784.857142857,1904147.87984807,0.476740733611135
2021-02-28,491545,979173.306772908,0.502,904189.142857143,1899574.93038231,0.475995512677758
2021-03-01,1020837,1582693.02325581,0.645,917535.285714286,1807957.59249182,0.507498234208962
2021-03-02,1024511,2291970.91722595,0.447,915265.714285714,1817800.20215658,0.503501822257404
2021-03-03,1119137,2238274,0.5,918092.285714286,1816387.69441483,0.50544951858973
2021-03-04,1078036,2264781.51260504,0.476,919323.142857143,1822968.81150897,0.504299984208818
2021-03-05,1041408,2220486.14072495,0.469,915899.142857143,1832713.296259,0.499750367243315
2021-03-06,696719,1366115.68627451,0.51,924599,1849070.6552656,0.500034434794052
2021-03-07,525930,897491.467576792,0.586,929511.142857143,1837401.82109472,0.505883433980348
2021-03-08,1039763,2290226.8722467,0.454,932214.857142857,1938478.08523628,0.480900384813601
2021-03-09,1101988,2329784.3551797,0.473,943283,1943880.00494396,0.485257833611595
2021-03-10,1104610,2350234.04255319,0.47,941207.714285714,1959874.29673727,0.4802388172816
2021-03-11,1107502,2356387.23404255,0.47,945417.142857143,1972960.8283712,0.479186980938513
2021-03-12,1092388,2229363.26530612,0.49,952700,1974228.98902565,0.482568134343012
2021-03-13,730218,1354764.37847866,0.539,957485.571428571,1972607.37362625,0.485390850825233
2021-03-14,531754,1030531.00775194,0.516,958317.571428571,1991613.0222227,0.481176594416451
2021-03-15,1023990,2250527.47252747,0.455,956064.285714286,1985941.67940566,0.481416093749746
2021-03-16,1062179,2329339.9122807,0.456,950377.285714286,1985878.18756295,0.478567764964768
2021-03-17,1103979,2343904.45859873,0.471,950287.142857143,1984973.96128374,0.478740356998217
2021-03-18,1019472,2183023.55460385,0.467,937711.428571429,1960207.72136393,0.478373500089553
2021-03-19,1083647,2141594.86166008,0.506,936462.714285714,1947669.37798592,0.480811951386795
2021-03-20,768908,1327993.09153713,0.579,941989.857142857,1943844.90842284,0.484601345025591
2021-03-21,579358,1076873.60594796,0.538,948790.428571429,1950465.2795937,0.486443126416005
2021-03-22,1095241,2258228.86597938,0.485,958969.142857143,1951565.47865826,0.491384559393033
2021-03-23,1133504,2346799.17184265,0.483,969158.428571429,1954059.65859568,0.495971770517964
2021-03-24,1075968,2308944.20600858,0.466,965156.857142857,1949065.33679709,0.495189585962728
2021-03-25,1127964,2330504.13223141,0.484,980655.714285714,1970133.99074388,0.497760923314377
2021-03-26,1091753,2228067.34693878,0.49,981813.714285714,1982487.20292655,0.49524340577652
2021-03-27,781981,1398892.66547406,0.559,983681.285714286,1992615.71348897,0.493663318549219
2021-03-28,459949,989137.634408602,0.465,966622.857142857,1980082.00326907,0.488173144115742
2021-03-29,1002597,2294272.31121281,0.437,953388,1985231.06687384,0.480240318574758
2021-03-30,1079381,2346480.43478261,0.46,945656.142857143,1985185.53300812,0.476356555663694
2021-03-31,995873,2376785.20286396,0.419,934214,1994877.10398746,0.468306542860533
2021-04-01,1030209,2362864.67889908,0.436,920249,1999500.0392257,0.460239550861106
2021-04-02,958085,1764429.09760589,0.543,901153.571428571,1933266.00360672,0.46613014957454
2021-04-03,750682,1195353.50318471,0.628,896682.285714286,1904188.98042253,0.470899839739288
2021-04-04,519812,995808.429118774,0.522,905234.142857143,1905141.95109541,0.47515312039434
2021-04-05,1088750,2287289.91596639,0.476,917541.714285714,1904144.4660602,0.481865599296763
2021-04-06,1155101,2314831.66332665,0.499,928358.857142857,1899623.21299507,0.488706839752262
2021-04-07,1172362,2349422.84569138,0.499,953571.571428571,1895714.30482756,0.503014388296929
2021-04-08,1177833,2341616.30218688,0.503,974660.714285714,1892678.8224401,0.514963607522777
2021-04-09,1144311,2234982.421875,0.512,1001264.42857143,1959900.72590711,0.510875074097443
2021-04-10,790023,1400750,0.564,1006884.57142857,1989243.08259501,0.506164671496592
2021-04-11,504407,989033.333333333,0.51,1004683.85714286,1988275.21176852,0.505304221063651
2021-04-12,1087799,2193143.14516129,0.496,1004548,1974825.67308208,0.508676798004261
2021-04-13,1196355,2350402.75049116,0.509,1010441.42857143,1979907.25696272,0.510347858475703
2021-04-14,1199954,2339091.61793372,0.513,1014383.14285714,1978431.36728305,0.512720915990216
2021-04-15,1083083,2251731.80873181,0.481,1000847.42857143,1965590.7253609,0.509184041040722
2021-04-16,1157507,2234569.4980695,0.518,1002732.57142857,1965531.73624583,0.510158423258936
2021-04-17,803352,1402010.47120419,0.573,1004636.71428571,1965711.80356071,0.511080369190388
2021-04-18,607333,989141.693811075,0.614,1019340.42857143,1965727.28362896,0.518556382190314
2021-04-19,1147977,1816419.30379747,0.632,1027937.28571429,1911909.59200556,0.53764952590462
2021-04-20,1223642,2025897.35099338,0.604,1031835.42857143,1865551.67779159,0.553099354391993
2021-04-21,1139762,2017277.87610619,0.565,1023236.57142857,1819578.28610194,0.562348198615096
2021-04-22,1166357,1976876.27118644,0.59,1035132.85714286,1780313.20930975,0.581433003883733
2021-04-23,1184193,1749177.25258493,0.677,1038945.14285714,1710971.45995481,0.607225291113028
2021-04-24,809163,1337459.50413223,0.605,1039775.28571429,1701749.89323025,0.611003585104151
2021-04-25,540989,992640.366972477,0.545,1030297.57142857,1702249.70368187,0.605256425775897
2021-04-26,1156913,2246433.00970874,0.515,1031574.14285714,1763680.23309777,0.584898624761055
2021-04-27,1198299,2286830.15267176,0.524,1027953.71428571,1800956.34762325,0.57078213785821
2021-04-28,1227777,2352063.2183908,0.522,1040527.28571429,1848782.82509248,0.562817477310908
2021-04-29,1166096,2346269.61770624,0.497,1040490,1901553.30316674,0.547178981660533
2021-04-30,1185321,2232242.93785311,0.531,1040651.14285714,1970562.68677648,0.528098471487593
2021-05-01,818655,1387550.84745763,0.59,1042007.14285714,1977718.59296582,0.526873310774983
2021-05-02,620063,840193.766937669,0.738,1053303.42857143,1955940.50724656,0.538515064578419
2021-05-03,1165505,2280831.70254403,0.511,1054530.85714286,1960854.60622303,0.537791457763448
2021-05-04,1227250,2364643.54527938,0.519,1058666.71428571,1971970.80516698,0.536857194595267
2021-05-05,1158445,2393481.40495868,0.484,1048762.14285714,1977887.68896239,0.530243526318387
2021-05-06,1258536,2365669.17293233,0.532,1061967.85714286,1980659.05399469,0.536168935789847
2021-05-07,1222741,2260149.72273567,0.541,1067313.57142857,1984645.73754934,0.537785435070392
2021-05-08,779188,1434968.69244936,0.543,1061675.42857143,1991419.7154053,0.533124895951606
2021-05-09,576000,833574.529667149,0.691,1055380.71428571,1990474.11008094,0.530215745555614
2021-05-10,1149109,2124046.21072089,0.541,1053038.42857143,1968076.18267764,0.535059789778429
2021-05-11,1231886,2311230.76923077,0.533,1053700.71428571,1960445.78609926,0.537480159745852
2021-05-12,1238990,2355494.29657795,0.526,1065207.14285714,1955019.05633059,0.544857677682411
2021-05-13,1182347,2327454.72440945,0.508,1054323,1949559.84939875,0.540800530091527
2021-05-14,1220112,2238737.6146789,0.545,1053947.42857143,1946500.97681921,0.541457436252455
2021-05-15,844096,1425837.83783784,0.592,1063220,1945196.56901756,0.546587433339443
2021-05-16,621750,1116247.75583483,0.557,1069755.71428571,1985578.45847009,0.538762751843095
2021-05-17,1157960,2270509.80392157,0.51,1071020.14285714,2006501.82892733,0.533774815161623
2021-05-18,1215676,2319992.36641221,0.524,1068704.42857143,2007753.48566753,0.532288668006524
2021-05-19,1253578,2325747.68089054,0.539,1070788.42857143,2003503.96914076,0.534457852374835
2021-05-20,1243965,2190079.22535211,0.568,1079591,1983878.89784686,0.544181906048651
2021-05-21,1221591,2201064.86486486,0.555,1079802.28571429,1978497.07644485,0.545768956937038
2021-05-22,839877,1333138.0952381,0.63,1079199.57142857,1965254.25607346,0.54913992329155
2021-05-23,645466,1063370.67545305,0.607,1082587.57142857,1957700.38744749,0.552989404492115
2021-05-24,1192453,2224725.74626866,0.536,1087515.14285714,1951159.80778279,0.557368565362643
2021-05-25,1253998,2177079.86111111,0.576,1092989.71428571,1930743.73559692,0.566097765402202
2021-05-26,1241052,2204355.23978686,0.563,1091200.28571429,1913401.95829639,0.570293283636984
2021-05-27,1246269,2186436.84210526,0.57,1091529.42857143,1912881.61783256,0.570620480847224
2021-05-28,1135369,2213194.93177388,0.513,1079212,1914614.48453384,0.563670654702457
2021-05-29,648192,1421473.68421053,0.456,1051828.42857143,1927233.85438705,0.545771041836518
2021-05-30,484864,1084706.93512304,0.447,1028885.28571429,1930281.89148276,0.533023332112357
2021-05-31,702801,1152132.78688525,0.61,958935,1777054.32585656,0.539620531599552
2021-06-01,1230127,2109994.8542024,0.583,955524.857142857,1767470.75344103,0.540617068363127
2021-06-02,1249102,2283550.27422303,0.547,956674.857142857,1778784.32978906,0.537825098367213
2021-06-03,1143159,2165073.86363636,0.528,941944.857142857,1775732.47572207,0.530454260436855
2021-06-04,1160335,2231413.46153846,0.52,945511.428571429,1778335.1228313,0.531683492291416
2021-06-05,874545,1415121.3592233,0.618,977847.571428571,1777427.64783312,0.5501476094516
2021-06-06,654780,1085870.64676617,0.603,1002121.28571429,1777593.89235357,0.563751535165019
2021-06-07,1200737,2052541.88034188,0.585,1073255,1906223.76284737,0.563026765754327
2021-06-08,1175335,2238733.33333333,0.525,1065427.57142857,1924614.97415179,0.553579591626176
2021-06-09,1259005,2331490.74074074,0.54,1066842.28571429,1931463.61222575,0.552349150644829
2021-06-10,1276901,2182736.75213675,0.585,1085948.28571429,1933986.88201152,0.561507575782935
2021-06-11,1221484,2233060.32906764,0.547,1094683.85714286,1934222.1488014,0.565955600198876
2021-06-12,849178,1427189.91596639,0.595,1091060,1935946.22833613,0.563579702798731
2021-06-13,647385,1047548.54368932,0.618,1090003.57142857,1930471.64218229,0.564630708688568
2021-06-14,1176722,2179114.81481481,0.54,1086572.85714286,1948553.48996414,0.557630500132102
2021-06-15,1277203,2100662.82894737,0.608,1101125.42857143,1928829.13219472,0.570877642914131
2021-06-16,1288040,2194275.97955707,0.587,1105273.28571429,1909227.02345419,0.578911398244622
2021-06-17,1281552,2040687.89808917,0.628,1105937.71428571,1888934.33001882,0.585482351985573
2021-06-18,1235675,1869402.42057489,0.661,1107965,1836983.20023415,0.603143784798237
2021-06-19,841519,1402531.66666667,0.6,1106870.85714286,1833460.59319133,0.603705834340423
2021-06-20,652557,1123161.79001721,0.581,1107609.71428571,1844262.48552388,0.600570538618902
2021-06-21,1191844,2124499.1087344,0.561,1109770,1836460.24179811,0.604298407741953
2021-06-22,1172110,2104326.75044883,0.557,1094756.71428571,1836983.65915546,0.595953430957039
2021-06-23,1264095,2257312.5,0.56,1091336,1845988.8763616,0.59119316154873
2021-06-24,1248843,2084879.79966611,0.599,1086663.28571429,1852302.0051583,0.586655568416025
2021-06-25,1214123,1993633.82594417,0.609,1083584.42857143,1870049.34878249,0.579441622370505
2021-06-26,841585,1333732.17115689,0.631,1083593.85714286,1860220.84942395,0.582508177713637
2021-06-27,656004,1100677.85234899,0.596,1084086.28571429,1857008.85832849,0.583780890894663
2021-06-28,1152019,2042586.87943262,0.564,1078397,1845307.11128537,0.58439974213768
2021-06-29,1169268,2080548.04270463,0.562,1077991,1841910.1530362,0.585257102917339
2021-06-30,1139886,2083886.65447898,0.547,1060246.85714286,1817135.03224748,0.583471694908393
2021-07-01,1104516,2080067.79661017,0.531,1039628.71428571,1816447.60323949,0.572341702800354
2021-07-02,1121116,1759993.72056515,0.637,1026342,1783070.4453282,0.575603730457819
2021-07-03,738089,1276970.58823529,0.578,1011556.85714286,1774961.64776798,0.569903500965723
2021-07-04,615001,1116154.26497278,0.551,1005699.28571429,1777172.56385709,0.565898498641891
2021-07-05,770321,1102032.90414878,0.699,951171,1642807.71024511,0.5789910736772
2021-07-06,1181416,2171720.58823529,0.544,952906.428571429,1655832.35960663,0.575484844853379
2021-07-07,1234617,2181302.12014134,0.566,966439.428571429,1669748.85470126,0.578793287296093
2021-07-08,1164513,2079487.5,0.56,975010.428571429,1669665.95518552,0.583955386730691
2021-07-09,1115969,2036439.7810219,0.548,974275.142857143,1709158.24953648,0.570032144841686
2021-07-10,855908,1453154.4991511,0.589,991106.428571429,1734327.37966731,0.571464442175587
2021-07-11,635511,1128793.96092362,0.563,994036.428571429,1736133.05051744,0.572557747388754
2021-07-12,1171521,2095744.18604651,0.559,1051350.71428571,1878091.80507425,0.559797296088062
2021-07-13,1239045,2166162.58741259,0.572,1059583.42857143,1877297.80495672,0.564419468117289
2021-07-14,1260044,2114167.7852349,0.596,1063215.85714286,1867707.18568437,0.569262604594664
2021-07-15,1275846,2044625,0.624,1079120.57142857,1862726.82854152,0.579323041303648
2021-07-16,1219118,2052387.20538721,0.594,1093856.14285714,1865005.03202228,0.586516456564755
2021-07-17,795347,1270522.36421725,0.626,1085204.57142857,1838914.72703173,0.590133166849041
2021-07-18,640618,1031590.98228663,0.621,1085934.14285714,1825028.58722644,0.595023086464346
2021-07-19,1208792,1991420.09884679,0.607,1091258.57142857,1810125.14619791,0.602863605160512
2021-07-20,1217802,2029670,0.6,1088223.85714286,1790626.20513897,0.607733682227889
2021-07-21,1225595,2180774.02135231,0.562,1083302.57142857,1800141.38172717,0.601787494262913
2021-07-22,1279778,2150887.39495798,0.595,1083864.28571429,1815321.72386403,0.597064570685142
2021-07-23,1219255,2038887.95986622,0.598,1083883.85714286,1813393.26021817,0.597710315197959
2021-07-24,856250,1399101.30718954,0.612,1092584.28571429,1831761.68064278,0.596466394760964
2021-07-25,625645,1125260.79136691,0.556,1090445.28571429,1845143.08193996,0.590981423818798
2021-07-26,1219135,2062834.17935702,0.591,1091922.85714286,1855345.09344143,0.588528172469241
2021-07-27,1267804,2120073.57859532,0.598,1099066,1868259.89038362,0.588283249914617
2021-07-28,1276296,2045346.15384615,0.624,1106309,1848913.05216845,0.59835642281961
2021-07-29,1186642,2153615.24500907,0.551,1093003.85714286,1849302.74503289,0.59103565388555
2021-07-30,1235623,2049126.03648425,0.603,1095342.14285714,1850765.32740689,0.591831998707165
2021-07-31,857333,1396307.81758958,0.614,1095496.85714286,1850366.25746404,0.592043252368995
2021-08-01,629963,1130992.81867145,0.557,1096113.71428571,1851185.11850755,0.592114588285701
2021-08-02,1208484,2062259.38566553,0.586,1094592.14285714,1851103.00512305,0.591318873032882
2021-08-03,1262043,2113974.87437186,0.597,1093769.14285714,1850231.76166256,0.591152506145673
2021-08-04,1257876,1990310.12658228,0.632,1091137.71428571,1842369.47205343,0.592246957430084
2021-08-05,1259332,2102390.65108514,0.599,1101522,1835051.67292144,0.600267565352181
2021-08-06,1222343,2013744.64579901,0.607,1099624.85714286,1829997.18853784,0.600888823234453
2021-08-07,836715,1378443.1630972,0.607,1096679.42857143,1827445.09503892,0.600116212272889
2021-08-08,598574,1100319.85294118,0.544,1092195.28571429,1823063.24279174,0.599098956129331
2021-08-09,1183050,1988319.32773109,0.595,1088561.85714286,1812500.37737254,0.600585727171475
2021-08-10,1245670,1974120.4437401,0.631,1086222.85714286,1792521.17299657,0.605974910369963
2021-08-11,1246306,2026513.82113821,0.615,1084570,1797693.1293617,0.603312090526313
2021-08-12,1223666,2053130.87248322,0.596,1079474.85714286,1790656.01813286,0.60283764509302
2021-08-13,1189426,1979078.20299501,0.601,1074772.42857143,1785703.66916086,0.601876138316101
2021-08-14,811826,1383008.51788756,0.587,1071216.85714286,1786355.86270234,0.599665990136118
2021-08-15,661705,1088330.59210526,0.608,1080235.57142857,1784643.11115435,0.605295010905485
2021-08-16,1170216,1918386.8852459,0.61,1078402.14285714,1774652.76222789,0.607669379503469
2021-08-17,1209633,2012700.49916805,0.601,1073254,1780164.1987176,0.602896070358651
2021-08-18,1210760,1978366.0130719,0.612,1068176,1773285.94042242,0.602370985778836
2021-08-19,1194375,1987312.81198003,0.601,1063991.57142857,1763883.36035053,0.603209710656337
2021-08-20,1183308,1899370.78651685,0.623,1063117.57142857,1752496.58656794,0.606630323606258
2021-08-21,822340,1377453.93634841,0.597,1064619.57142857,1751703.07491949,0.607762574988632
2021-08-22,369246,1102226.86567164,0.335,1022839.71428571,1753688.25685754,0.583250592165426
2021-08-23,1032792,1937696.06003752,0.533,1003207.71428571,1756446.7103992,0.571157501304271
2021-08-24,1234884,2058140,0.6,1006815,1762938.06766091,0.571100606691111
2021-08-25,1236342,2023472.99509002,0.611,1010469.57142857,1769381.92223493,0.571086184803017
2021-08-26,1222996,2083468.48381601,0.587,1014558.28571429,1783118.44678292,0.568979748678355
2021-08-27,1147249,2002179.7556719,0.573,1009407,1797805.4423765,0.561466205523149
2021-08-28,776489,1338774.13793103,0.58,1002856.85714286,1792279.7568883,0.559542589982706
2021-08-29,630281,1082957.04467354,0.582,1040147.57142857,1789526.92531715,0.581241643650728
2021-08-30,1182908,1939193.44262295,0.61,1061592.71428571,1789740.83711507,0.593154434581113
2021-08-31,1246463,2056869.6369637,0.606,1063246.85714286,1789559.35668131,0.594138916473059
2021-09-01,1086148,2022621.97392924,0.537,1041790.57142857,1789437.78222977,0.582188764412041
2021-09-02,1188941,2085861.40350877,0.57,1036925.57142857,1789779.62790016,0.579359355344285
2021-09-03,1221668,2002734.42622951,0.61,1047556.85714286,1789858.86655125,0.58527344067151
2021-09-04,834456,1339415.73033708,0.623,1055837.85714286,1789950.52260925,0.589869856069394
2021-09-05,618622,1083401.05078809,0.571,1054172.28571429,1790013.95205419,0.588918474352971
2021-09-06,733947,948251.937984496,0.774,990035,1648450.87996298,0.600585077804825
2021-09-07,1102372,2124030.82851638,0.519,969450.571428571,1658045.33589908,0.584694851484796
2021-09-08,1192895,2180795.24680073,0.547,984700.142857143,1680641.51773786,0.585907305314309
2021-09-09,1249341,2402578.84615385,0.52,993328.714285714,1725886.86668716,0.575546829551121
2021-09-10,1322430,2344734.04255319,0.564,1007723.28571429,1774743.9547334,0.567813336130317
2021-09-11,870791,1384405.40540541,0.629,1012914,1781171.05117173,0.568678678745458
2021-09-12,694561,1109522.36421725,0.626,1023762.42857143,1784902.6673759,0.573567650092947
2021-09-13,1441516,2367021.34646962,0.609,1124843.71428571,1987584.0114452,0.565935179498563
2021-09-14,1511145,2421706.73076923,0.624,1183239.85714286,2030109.14033847,0.582845440982342
2021-09-15,1503627,2433053.39805825,0.618,1227630.14285714,2066146.01908954,0.594164270828305
2021-09-16,1210069,2420138,0.5,1222019.85714286,2068654.46963899,0.590731741370087
2021-09-17,1456201,2326199.68051118,0.626,1241130,2066006.70363299,0.600738612230794
2021-09-18,871175,1425818.33060556,0.611,1241184.85714286,2071922.83580444,0.599049750161644
2021-09-19,674024,1119641.19601329,0.602,1238251,2073368.38320388,0.597217074414239
2021-09-20,1481676,2344424.05063291,0.632,1243988.14285714,2070140.19808435,0.600919756066906
2021-09-21,1505803,2382599.6835443,0.632,1243225,2064553.47705221,0.602176215737984
2021-09-22,1506211,2402250.39872408,0.627,1243594.14285714,2060153.0485759,0.603641629303602
2021-09-23,1483075,2369129.39297125,0.626,1282595,2052866.10471465,0.624782589110106
2021-09-24,1469705,2307229.19937206,0.637,1284524.14285714,2050156.03598049,0.626549452975083
2021-09-25,872490,1393753.99361022,0.626,1284712,2045575.41640973,0.628044309534599
2021-09-26,657257,1093605.65723794,0.601,1282316.71428571,2041856.05372754,0.628015237384028
2021-09-27,1489441,2341888.36477987,0.636,1283426,2041493.81289139,0.628670041464525
2021-09-28,1457421,2385304.41898527,0.611,1276514.28571429,2041880.20366867,0.625166101038032
2021-09-29,1513184,2417226.8370607,0.626,1277510.42857143,2044019.69485962,0.624999079893488
2021-09-30,1516081,2307581.43074581,0.657,1282225.57142857,2035227.12882741,0.630015959038105
2021-10-01,1492942,2332721.875,0.64,1285545.14285714,2038868.9396314,0.630518773359483
2021-10-02,883902,1407487.2611465,0.628,1287175.42857143,2040830.83499373,0.630711476179448
2021-10-03,673253,1075484.02555911,0.626,1289460.57142857,2038242.03046818,0.632633687341039
2021-10-04,1419155,2349594.37086093,0.604,1279419.71428571,2039342.88847976,0.627368610503487
2021-10-05,1499767,2307333.84615385,0.65,1285469.14285714,2028204.23521813,0.633796695882993
2021-10-06,1532668,2417457.41324921,0.634,1288252.57142857,2028237.17467363,0.635158741548985
2021-10-07,1523168,2372535.82554517,0.642,1289265,2037516.37393068,0.632763013095601
2021-10-08,1473912,2281597.52321981,0.646,1286546.42857143,2030212.89510494,0.633700254625232
2021-10-09,856308,1378917.87439614,0.621,1282604.42857143,2026131.5541406,0.633031170138138
2021-10-10,601821,1078532.25806452,0.558,1272399.85714286,2026567.01592709,0.627859748600899
2021-10-11,1045865,1634164.0625,0.64,1219072.71428571,1924362.68616124,0.633494259191621
2021-10-12,1514608,2351875.77639752,0.644,1221192.85714286,1930725.81905319,0.632504545747317
2021-10-13,1511356,2193550.07256894,0.689,1218148.28571429,1898739.05609887,0.641556448634432
2021-10-14,1527543,2314459.09090909,0.66,1218773.28571429,1890442.37972229,0.644702689057007
2021-10-15,1491099,2283459.41807044,0.653,1221228.57142857,1890708.36470095,0.645910598497686
2021-10-16,856990,1382241.93548387,0.62,1221326,1891183.23057063,0.645799931100008
2021-10-17,663944,979268.436578171,0.678,1230200.71428571,1877002.684644,0.655407008391699
2021-10-18,1461843,2291289.96865204,0.638,1289626.14285714,1970877.8140943,0.65434099142761
2021-10-19,1510722,2264950.52473763,0.667,1289071,1958459.92100003,0.658206474473971
2021-10-20,1525608,2398754.71698113,0.636,1291107,1987774.87020177,0.649523756112757
2021-10-21,1476434,2381345.16129032,0.62,1283805.71428571,1997330.02311337,0.642760935563648
2021-10-22,1471199,2295162.24648986,0.641,1280962.85714286,1999001.85574472,0.640801234606979
2021-10-23,847596,1398673.26732673,0.606,1279620.85714286,2001349.18886513,0.639379106985559
2021-10-24,659283,872067.46031746,0.756,1278955,1986034.76368503,0.643974125421118
2021-10-25,1461023,2319084.12698413,0.63,1278837.85714286,1990005.35773247,0.642630358844884
2021-10-26,1233660,2323276.83615819,0.531,1239257.57142857,1998337.6879354,0.620144222325566
2021-10-27,1503535,2360337.51962323,0.637,1236104.28571429,1992849.51688428,0.620269757069704
2021-10-28,1515489,2171187.67908309,0.698,1241683.57142857,1962827.0194261,0.632599591884373
2021-10-29,1426938,2264980.95238095,0.63,1235360.57142857,1958515.40598197,0.630763775283749
2021-10-30,819620,1386835.8714044,0.591,1231364,1956824.34942164,0.629266495157802
2021-10-31,656203,1051607.37179487,0.624,1230924,1982472.90820412,0.620903314696525
2021-11-01,1448304,2313584.66453674,0.626,1229107,1981687.27071164,0.620232575626636
2021-11-02,1258180,2103979.93311037,0.598,1232609.85714286,1950359.14170481,0.63199122191692
2021-11-03,1507287,2377424.29022082,0.634,1233145.85714286,1952800.10893304,0.631475721197404
2021-11-04,1486942,2337959.11949686,0.636,1229067.71428571,1976624.60042072,0.621801283877633
2021-11-05,1457014,2184428.7856072,0.667,1233364.28571429,1965117.14802446,0.627628885613353
2021-11-06,864499,1307865.35552194,0.661,1239775.57142857,1953835.64575554,0.63453421689886
2021-11-07,614513,991150,0.62,1233819.85714286,1945198.87835627,0.634289825514117
2021-11-08,1461178,2311990.50632911,0.632,1235659,1944971.14146947,0.635309683343904
2021-11-09,1518264,2194023.12138728,0.692,1272813.85714286,1957834.45408046,0.650113115789794
2021-11-10,1514453,2194859.42028985,0.69,1273837.57142857,1931753.75837603,0.659420263015017
2021-11-11,1198235,1812760.96822995,0.661,1232593.71428571,1856725.45105219,0.663853513499917
2021-11-12,1350608,2228726.07260726,0.606,1217392.85714286,1863053.63490934,0.653439511526514
2021-11-13,815114,1316823.9095315,0.619,1210337.85714286,1864333.42833928,0.649206756015208
2021-11-14,657129,1010967.69230769,0.65,1216425.85714286,1867164.52724038,0.651482951500103
2021-11-15,1437414,2174605.14372163,0.661,1213031,1847538.04686788,0.656566181170906
2021-11-16,1492110,2320544.32348367,0.643,1209294.71428571,1865612.50431022,0.648202513379288
2021-11-17,1501740,2328279.06976744,0.645,1207478.57142857,1884672.45423559,0.640683514376674
2021-11-18,1505488,2334089.92248062,0.645,1251371.85714286,1959148.01912855,0.638732676104526
2021-11-19,1429787,2189566.61562021,0.653,1262683.14285714,1953553.81098754,0.646351861799417
2021-11-20,861772,1357121.25984252,0.635,1269348.57142857,1959310.57531768,0.64785470329162
2021-11-21,674551,931700.276243094,0.724,1271837.42857143,1947986.65873703,0.652898428676109
2021-11-22,1418226,2272798.07692308,0.624,1269096.28571429,1962014.22062295,0.646833377849495
2021-11-23,1424890,2305647.24919094,0.618,1259493.42857143,1959886.06715256,0.64263604383968
2021-11-24,1343391,2142569.37799043,0.627,1236872.14285714,1933356.11118441,0.639753915847096
2021-11-25,509782,816958.333333333,0.624,1094628.42857143,1716623.02702052,0.637663838444098
2021-11-26,843588,1417794.95798319,0.595,1010885.71428571,1606369.93307237,0.629298204276195
2021-11-27,750986,1225099.51060359,0.613,995059.142857143,1587509.68318109,0.626805085599993
2021-11-28,592081,818922.544951591,0.723,983277.714285714,1571398.57871088,0.625734124751698
2021-11-29,1381661,1962586.64772727,0.704,978054.142857143,1527082.66025434,0.640472299445957
2021-11-30,1432539,2231369.1588785,0.642,979146.857142857,1516471.50449542,0.645674418701757
2021-12-01,1463384,2290115.80594679,0.639,996288.714285714,1537549.56563204,0.647971770507555
2021-12-02,1449142,2282113.38582677,0.635,1130483,1746857.43027396,0.647152412330929
2021-12-03,1419078,2200120.93023256,0.645,1212695.85714286,1858618.28345244,0.652471714035998
2021-12-04,864764,1320250.38167939,0.655,1228949.85714286,1872211.2650347,0.656416228282913
2021-12-05,665129,1034415.24105754,0.643,1239385.28571429,1902995.93590698,0.651281099622312
2021-12-06,1394230,2056386.43067847,0.678,1241180.85714286,1916395.9049,0.647664114690133
2021-12-07,1453136,2239038.52080123,0.649,1244123.28571429,1917491.52803182,0.648828569788413
2021-12-08,1430106,2210364.76043277,0.647,1239369.28571429,1906098.52152982,0.650212605337723
2021-12-09,1436883,2234654.74339036,0.643,1237618,1899318.71546747,0.651611543613621
2021-12-10,1404176,2111542.85714286,0.665,1235489.14285714,1886664.70502609,0.654853583451151
2021-12-11,786137,1282442.08809135,0.613,1224256.71428571,1881263.5202278,0.650763011732388
2021-12-12,627007,1053793.27731092,0.595,1218810.71428571,1884031.81112114,0.646916207619888
2021-12-13,1333718,2179277.77777778,0.612,1210166.14285714,1901587.71784961,0.636397748837822
2021-12-14,1378221,2044838.27893175,0.674,1199464,1873844.82615397,0.640108499518542
2021-12-15,1436154,2209467.69230769,0.65,1200328,1873716.67356467,0.640613395255977
2021-12-16,1438193,2045793.74110953,0.703,1200515.14285714,1846736.5303817,0.65007385899764
2021-12-17,1375383,2077617.82477341,0.662,1196401.85714286,1841890.09718606,0.649551164301634
2021-12-18,786073,1265818.03542673,0.621,1196392.71428571,1839515.23251969,0.650384782433656
2021-12-19,636393,1043267.21311475,0.61,1197733.57142857,1838011.50906309,0.651646393682868
2021-12-20,1277654,1830449.85673352,0.698,1189724.42857143,1788178.94891391,0.665327387560418
2021-12-21,1299476,1830247.88732394,0.71,1178475.14285714,1757523.17868423,0.670531778556349
2021-12-22,1252621,1831317.25146199,0.684,1152256.14285714,1703501.68713484,0.676404462384272
2021-12-23,1166953,1831951.33437991,0.637,1113507.57142857,1672952.77188775,0.665594145955534
2021-12-24,746809,1527216.76891616,0.489,1023711.28571429,1594324.04962243,0.642097374092
2021-12-25,329549,668456.389452333,0.493,958493.571428571,1508986.67162609,0.635190217018748
2021-12-26,518897,941736.842105263,0.551,941708.428571429,1494482.33291044,0.630123493489206
2021-12-27,890096,1534648.27586207,0.58,886343,1452224.96421452,0.610334501775628
2021-12-28,953933,1536123.99355878,0.621,836979.714285714,1410207.26510521,0.593515389543302
2021-12-29,921562,1535936.66666667,0.6,789685.571428571,1368010.03870588,0.577251298664155
2021-12-30,928012,1536443.70860927,0.604,755551.142857143,1325794.66359579,0.569885491021629
2021-12-31,699749,1206463.79310345,0.58,748828.285714286,1279972.80990826,0.585034525669304
2022-01-01,350845,756131.465517241,0.464,751870.571428571,1292497.82077468,0.581719024468395
2022-01-02,475096,942650.793650794,0.504,745613.285714286,1292628.38528118,0.576819520756613
2022-01-03,1000002,2092054.39330544,0.478,761314.142857143,1372257.83063023,0.554789432323732
2022-01-04,1082360,2151809.14512922,0.503,779660.857142857,1460212.85228316,0.533936443528625
2022-01-05,1078511,2144157.05765408,0.503,802082.142857143,1547101.47956707,0.518441843311786
2022-01-06,1146904,2112162.0626151,0.543,833352.428571429,1629346.95871076,0.511464070998622
2022-01-07,880997,2133164.64891041,0.413,859245,1761732.79525461,0.487727198082737
2022-01-08,631341,1301734.02061856,0.485,899315.857142857,1839676.01741194,0.488844692560604
2022-01-09,475438,994640.167364017,0.478,899364.714285714,1847103.07079955,0.48690553792237
2022-01-10,1147341,2168886.57844991,0.529,920413.142857143,1858079.09724876,0.495357352773621
2022-01-11,1040581,2172402.92275574,0.479,914444.714285714,1861021.06548112,0.491367202256418
2022-01-12,1179931,2230493.38374291,0.529,928933.285714286,1873354.82635095,0.495866171559035
2022-01-13,1218552,2152918.72791519,0.566,939168.714285714,1879177.20710811,0.499776556853313
2022-01-14,1186647,2031929.79452055,0.584,982833,1864715.08505241,0.527068723730723
2022-01-15,573037,1014224.77876106,0.565,974503.857142857,1823642.33621563,0.5343722493113
2022-01-16,456257,944631.469979296,0.483,971763.714285714,1816498.23658924,0.53496540470656
2022-01-17,694066,1304635.33834586,0.532,907010.142857143,1693033.77371723,0.535730684725626
2022-01-18,1222195,2075033.95585739,0.589,932955,1679123.92130318,0.55562009936463
2022-01-19,1286788,2133976.7827529,0.603,948220.285714286,1665335.83544746,0.569386826086947
2022-01-20,1181953,2129645.04504505,0.555,942991.857142857,1662011.02360887,0.567380025612138
2022-01-21,1151816,2067892.28007181,0.557,938016,1667148.52154477,0.562646931498845
2022-01-22,655490,1030644.65408805,0.636,949795,1669494.21802005,0.568911823561999
2022-01-23,529115,1002111.74242424,0.528,960203.285714286,1677705.68551219,0.572331186575878
2022-01-24,1244112,2094464.64646465,0.594,1038781.28571429,1790538.44381487,0.580150227604769
2022-01-25,1308979,2233752.55972696,0.586,1051179,1813212.53008195,0.579732922953323
2022-01-26,1266798,2230278.16901408,0.568,1048323.28571429,1826969.87097641,0.573804364466076
2022-01-27,1275573,2195478.48537005,0.581,1061697.57142857,1836374.64816569,0.578148675973649
2022-01-28,1208092,2123184.53427065,0.569,1069737,1844273.54162267,0.580031636228322
2022-01-29,271959,1253267.28110599,0.217,1014946.85714286,1876076.7740538,0.54099430853769
2022-01-30,460299,969050.526315789,0.475,1005116,1871353.74318117,0.537106361457548
2022-01-31,1139164,2194921.00192678,0.519,990123.428571429,1885704.65110433,0.525068137256585
2022-02-01,1127084,2263220.88353414,0.498,964138.428571429,1889914.41164821,0.510149254711802
2022-02-02,1314898,2290763.06620209,0.574,971009.857142857,1898555.1112465,0.51144675832209
2022-02-03,1304726,2189137.58389262,0.596,975174.571428571,1897649.26817829,0.513885567676434
2022-02-04,1176367,2111969.47935368,0.557,970642.428571429,1896047.11747587,0.511929487207895
2022-02-05,726750,1286283.18584071,0.565,1035612.57142857,1900763.67529511,0.544840258096673
2022-02-06,558211,993258.007117438,0.562,1049600,1904221.88683821,0.551196269329079
2022-02-07,1297024,2143841.32231405,0.605,1072151.42857143,1896924.78975067,0.565205027824192
2022-02-08,1387432,2230598.07073955,0.622,1109344,1892264.38792288,0.586252115233072
2022-02-09,1421706,2267473.68421053,0.627,1124602.28571429,1888937.33335265,0.595362411371394
2022-02-10,1423775,2210830.74534161,0.644,1141609.28571429,1892036.3564168,0.603375977339202
2022-02-11,1348189,2106545.3125,0.64,1166155.28571429,1891261.4754377,0.616601829445291
2022-02-12,820629,1135033.19502075,0.723,1179566.57142857,1869654.33389199,0.630900883679986
2022-02-13,510307,972013.333333333,0.525,1172723.14285714,1866619.38049426,0.628260455833593
2022-02-14,1272100,2145193.92917369,0.593,1169162.57142857,1866812.61004564,0.626288126155302
2022-02-15,1340123,2233538.33333333,0.6,1162404.14285714,1867232.64755904,0.622527752166668
2022-02-16,1406714,2268893.5483871,0.62,1160262.42857143,1867435.48529855,0.62131325965777
2022-02-17,1408571,2207791.53605016,0.638,1158090.42857143,1867001.31254262,0.620294383721806
2022-02-18,1285978,2108160.65573771,0.61,1149203.14285714,1867232.07586229,0.615458119916045
2022-02-19,723602,1260630.66202091,0.574,1135342.14285714,1885174.57114803,0.602247749483351
2022-02-20,571789,1012015.92920354,0.565,1144125.28571429,1890889.22770092,0.605072612902553
2022-02-21,873759,1363118.56474259,0.641,1087219.42857143,1779164.17563933,0.611084375156521
2022-02-22,1142555,1943120.74829932,0.588,1058995.42857143,1737675.9492059,0.609432057257498
2022-02-23,1244979,2034279.41176471,0.612,1035890.42857143,1704159.64397413,0.607859969125729
2022-02-24,1193748,1989580,0.6,1005201.42857143,1672986.56739554,0.600842498177556
2022-02-25,1022738,1883495.39594843,0.543,967595.714285714,1640891.53028279,0.589676828985133
2022-02-26,772317,1259897.22675367,0.613,974555,1640786.75381604,0.59395591641232
2022-02-27,602372,1012389.91596639,0.595,978924,1640840.18049644,0.596599237168742
2022-02-28,1353190,2225641.44736842,0.608,1047414.14285714,1764057.73515728,0.593752756490002
2022-03-01,1414679,2220846.15384615,0.637,1086289,1803732.79309254,0.60224496896657
2022-03-02,1420003,2250400.95087163,0.631,1111292.42857143,1834607.29867924,0.605738584694099
2022-03-03,1298639,2219895.72649573,0.585,1126276.85714286,1867509.54532149,0.603090281366658
