yearmonth,Astoria,Atlantic Ave,BMB Slip 5,Battery Park,Bay Ridge,Bayridge,Bayridge Brooklyn Army Terminal,Brooklyn Bridge Park Atlantic Avenue Pier 6,Brooklyn Navy Yard,Christopher Street,Corlears Hook,DUMBO,East 34th Street,East 90th Street,Fulton Ferry,Governors Island,Greenpoint,Hunters Point,Hunters Point South,Long Island City,North Williamsburg,Pier 11,Pier 16 South Street Seaport,Pier 17,Pier 6,Pier 79,Pier 83,Pier 84,Red Hook,Red Hook IKEA,Rockaway,Roosevelt Island,Schaeffer Landing,Soundview,South Williamsburg,Stuyvesant Cove,Sunset Park,Sunset Park Brooklyn Army Terminal (BAT),Total,World Financial Center,World Financial Center / BPT (Brookfield Place)
201301,0,0.0,0,3851.0,0,0,0,0,0,0.0,0,0,31870.0,0,5929.0,0.0,5207.0,2592.0,0,0,14063.0,221141.0,0,2363.0,0,260156.0,0,5348.0,0,0,0,0,2954.0,0,0,0,0,0,767631.0,212157.0,0
201302,0,0.0,0,2752.0,0,0,0,0,0,73.0,0,0,25679.0,0,5073.0,0.0,4311.0,2214.0,0,0,11456.0,179679.0,0,2130.0,0,210565.0,0,4532.0,0,0,0,0,2731.0,0,0,0,0,0,579182.0,127987.0,0
201303,0,0.0,0,7614.0,0,0,0,0,0,197.0,0,0,31798.0,0,10814.0,0.0,5616.0,3287.0,0,0,15649.0,208407.0,0,5376.0,0,270224.0,0,13371.0,0,0,0,0,4546.0,0,0,0,0,0,711379.0,134480.0,0
201304,0,0.0,0,9702.0,0,0,0,0,0,952.0,0,0,40830.0,0,19154.0,0.0,7965.0,4573.0,0,0,24719.0,236944.0,0,7444.0,0,324314.0,0,16581.0,0,0,0,0,5483.0,0,0,0,0,0,851956.0,153295.0,0
201305,0,0.0,0,12821.0,0,0,0,0,0,1322.0,0,0,47314.0,0,26438.0,968.0,9558.0,6534.0,0,0,29285.0,247440.0,0,8951.0,0,278767.0,0,19660.0,0,0,0,0,7719.0,0,0,0,0,0,859353.0,162576.0,0
201306,0,0.0,0,16373.0,0,0,0,0,0,3818.0,0,0,56547.0,0,32414.0,4980.0,10944.0,7748.0,0,0,34222.0,258298.0,0,11223.0,0,291653.0,0,22726.0,0,0,0,0,8674.0,0,0,0,0,0,913599.0,153979.0,0
201307,0,0.0,0,14111.0,0,0,0,0,0,9790.0,0,0,66214.0,0,31229.0,4117.0,11909.0,8224.0,0,0,31838.0,288992.0,0,13789.0,0,297274.0,0,20712.0,0,0,0,0,7866.0,0,0,0,0,0,969392.0,163327.0,0
201308,0,0.0,0,18669.0,0,0,0,0,0,6069.0,0,0,66362.0,0,37278.0,8166.0,13938.0,11656.0,0,0,37034.0,293783.0,0,12427.0,0,297571.0,0,22921.0,0,0,0,0,10996.0,0,0,0,0,0,994887.0,158017.0,0
201309,0,0.0,0,17893.0,0,0,0,0,0,3790.0,0,0,57695.0,0,34218.0,7959.0,12329.0,12130.0,0,0,34389.0,271882.0,0,10909.0,0,264474.0,0,17897.0,0,0,0,0,9627.0,0,0,0,0,0,894572.0,139380.0,0
201310,0,0.0,0,19703.0,0,0,0,0,0,2118.0,0,0,52932.0,0,25927.0,0.0,10812.0,10219.0,0,0,29600.0,263721.0,0,8472.0,0,305058.0,0,18087.0,0,0,0,0,7152.0,0,0,0,0,0,904256.0,150455.0,0
201311,0,0.0,0,10315.0,0,0,0,0,0,710.0,0,0,39270.0,0,11667.0,0.0,7039.0,6134.0,0,0,18722.0,209709.0,0,5749.0,0,253027.0,0,9585.0,0,0,0,0,4378.0,0,0,0,0,0,692060.0,115755.0,0
201312,0,0.0,0,12259.0,0,0,0,0,0,985.0,0,0,37819.0,0,7498.0,0.0,4945.0,4295.0,0,0,13209.0,202991.0,0,10460.0,0,271194.0,0,11806.0,0,0,0,0,3649.0,0,0,0,0,0,689136.0,108026.0,0
201401,0,0.0,0,5119.0,0,0,0,0,0,243.0,0,0,28537.0,0,5426.0,0.0,4588.0,4192.0,0,0,11984.0,204344.0,0,4749.0,0,228245.0,0,4048.0,0,0,0,0,3177.0,0,0,0,0,0,617401.0,112749.0,0
201402,0,0.0,0,4271.0,0,0,0,0,0,144.0,0,0,28118.0,0,6091.0,0.0,1931.0,4395.0,0,0,13214.0,189012.0,0,4776.0,0,200927.0,0,3044.0,0,0,0,0,3162.0,0,0,0,0,0,561757.0,102672.0,0
201403,0,0.0,0,5263.0,0,0,0,0,0,466.0,0,0,34655.0,0,9420.0,0.0,0.0,6690.0,0,0,18451.0,235450.0,0,0.0,0,256820.0,0,0,0,0,0,0,4353.0,0,0,0,0,0,696080.0,124512.0,0
201404,0,0.0,0,9364.0,0,0,0,0,0,1859.0,0,0,42411.0,0,21890.0,0.0,0.0,10096.0,0,0,28178.0,272631.0,0,0.0,0,312740.0,0,0,0,0,0,0,7358.0,0,0,0,0,0,833267.0,126740.0,0
201405,0,0.0,0,10070.0,0,0,0,0,0,1618.0,0,0,55257.0,0,28584.0,2365.0,0.0,12810.0,0,0,35264.0,281379.0,0,0.0,0,293216.185,0,0,0,0,0,0,8177.0,0,0,0,0,0,868598.185,139858.0,0
201406,0,0.0,0,7934.0,0,0,0,0,0,2359.0,0,0,64796.0,0,30276.0,6030.0,0.0,17162.0,0,0,37408.0,293679.0,0,0.0,0,311650.0,0,0,0,0,0,0,10779.0,0,0,0,0,0,934202.0,152129.0,0
201407,0,0.0,0,11333.0,0,0,0,0,0,2082.0,0,0,69262.0,0,31391.0,4081.0,2145.0,17540.0,0,0,36033.0,328642.0,0,0.0,0,326403.0,0,0,0,0,0,0,11001.0,0,0,0,0,0,1005410.0,165497.0,0
201408,0,0.0,0,11597.0,0,0,0,0,0,2364.0,0,0,73661.0,0,38461.0,6096.0,11930.0,19548.0,0,0,34124.0,319281.0,0,0.0,0,320381.0,0,0,0,0,0,0,10888.0,0,0,0,0,0,999365.0,151034.0,0
201409,0,0.0,0,5986.0,0,0,0,0,0,1562.0,0,0,61780.0,0,30780.0,3347.0,11208.0,16260.0,0,0,31288.0,295342.0,0,0.0,0,290908.0,0,0,0,0,0,0,8326.0,0,0,0,0,0,908604.0,151817.0,0
201410,0,0.0,0,0.0,0,0,0,0,0,1087.0,0,0,55217.0,0,26875.0,0.0,9727.0,14459.0,0,0,28819.0,297279.0,0,0.0,0,315487.0,0,0,0,0,0,0,9257.0,0,0,0,0,0,917257.0,159050.0,0
201411,0,0.0,0,2355.0,0,0,0,0,0,742.0,0,0,40353.0,0,11239.0,0.0,5958.0,9123.0,0,0,16574.0,212600.0,0,0.0,0,253250.0,0,0,0,0,0,0,4320.0,0,0,0,0,0,666794.0,110280.0,0
201412,0,0.0,0,4822.0,0,0,0,0,0,372.0,0,0,38789.0,0,7388.0,0.0,4903.0,6783.0,0,0,13179.0,221624.0,0,0.0,0,309720.0,0,0,0,0,0,0,3765.0,0,0,0,0,0,737678.0,126333.0,0
201501,0,0.0,0,1540.0,0,0,0,0,0,169.0,0,0,32723.0,0,5001.0,0.0,4068.0,5383.0,0,0,10642.0,206133.0,0,0.0,0,223271.0,0,0,0,0,0,0,3358.0,0,0,0,0,0,603373.0,111085.0,0
201502,0,0.0,0,728.0,0,0,0,0,0,228.0,0,0,22704.0,0,3485.0,0.0,3021.0,4266.0,0,0,8366.0,164023.0,0,0.0,0,195235.0,0,0,0,0,0,0,2717.0,0,0,0,0,0,500858.0,96085.0,0
201503,0,0.0,0,2415.0,0,0,0,0,0,227.0,0,0,34036.0,0,7994.0,0.0,5572.0,7317.0,0,0,14266.0,229026.0,0,0.0,0,243547.0,0,0,0,0,0,0,5489.0,0,0,0,0,0,673572.0,123683.0,0
201504,0,0.0,0,6372.0,0,0,0,0,0,959.0,0,0,50858.0,0,22969.0,0.0,8980.0,13210.0,0,0,27695.0,268200.0,0,0.0,0,318270.0,0,0,0,0,0,0,9201.0,0,0,0,0,0,873996.0,147282.0,0
201505,0,0.0,0,8171.0,0,0,0,0,0,1517.0,0,0,67425.0,0,37703.0,3039.0,13528.0,19295.0,0,0,42436.0,278967.0,0,0.0,0,296616.0,0,0,0,0,0,0,11739.0,0,0,0,0,0,947615.0,167179.0,0
201506,0,0.0,0,8729.0,0,0,0,0,0,1329.0,0,0,63650.0,0,28023.0,3355.0,12303.0,17616.0,0,0,31446.0,301557.0,0,0.0,0,331414.0,0,0,0,0,0,0,11173.0,0,0,0,0,0,995684.0,185089.0,0
201507,0,0.0,0,11805.0,0,0,0,0,0,3024.0,0,0,79939.0,0,33592.0,2755.0,13333.0,20543.0,0,0,35716.0,333041.0,0,0.0,0,325675.0,0,0,0,0,0,0,11778.0,0,0,0,0,0,1078780.0,207579.0,0
201508,0,0.0,0,12258.0,0,0,0,0,0,2117.0,0,0,85517.0,0,41616.0,5504.0,13743.0,23954.0,0,0,39654.0,331247.0,0,0.0,0,335848.0,0,0,0,0,0,0,13539.0,0,0,0,0,0,1104853.0,199856.0,0
201509,0,0.0,0,9704.0,0,0,0,0,0,1402.0,0,0,67837.0,0,34386.0,4358.0,14294.0,19837.0,0,0,35466.0,329304.0,0,0.0,0,303734.0,0,0,0,0,0,0,10778.0,0,0,0,0,0,1015195.0,184095.0,0
201510,0,0.0,0,8750.0,0,0,0,0,0,872.0,0,0,56287.0,0,24054.0,0.0,11336.0,13984.0,0,0,28215.0,285449.0,0,0.0,0,329352.0,0,0,0,0,0,0,8782.0,0,0,0,0,0,938769.0,171688.0,0
201511,0,0.0,0,7002.0,0,0,0,0,0,638.0,0,0,48973.0,0,13128.0,0.0,7724.0,10779.0,0,0,19857.0,244829.0,0,0.0,0,275754.0,0,0,0,0,0,0,6309.0,0,0,0,0,0,785786.0,150793.0,0
201512,0,0.0,0,9571.0,0,0,0,0,0,615.0,0,0,46609.0,0,9841.0,0.0,6879.0,8705.0,0,0,17071.0,246571.0,0,0.0,0,308026.0,0,0,0,0,0,0,5378.0,0,0,0,0,0,809797.0,150531.0,0
201601,0,0.0,0,4134.0,0,0,0,0,0,381.0,0,0,38539.0,0,6794.0,0.0,5728.0,7658.0,0,0,15194.0,221907.0,0,0.0,0,238048.0,0,0,0,0,0,0,4631.0,0,0,0,0,0,674520.0,131506.0,0
201602,0,0.0,0,3234.0,0,0,0,0,0,232.0,0,0,37764.0,0,7237.0,0.0,5496.0,7137.0,0,0,15155.0,224290.0,0,0.0,0,229277.0,0,0,0,0,0,0,4591.0,0,0,0,0,0,662850.0,128437.0,0
201603,0,0.0,0,7392.0,0,0,0,0,0,639.0,0,0,50540.0,0,15055.0,0.0,8410.0,11356.0,0,0,23239.0,270451.0,0,0.0,0,313327.0,0,0,0,0,0,0,6746.0,0,0,0,0,0,879357.0,172202.0,0
201604,0,0.0,0,9267.0,0,0,0,0,0,1144.0,0,0,56255.0,0,24035.0,0.0,10994.0,16368.0,0,0,28910.0,273625.0,0,0.0,0,297341.0,0,0,0,0,0,0,9699.0,0,0,0,0,0,894748.0,167110.0,0
201605,0,0.0,0,9087.0,0,0,0,0,0,1472.0,0,0,66533.0,0,33735.0,1731.0,12969.0,19878.0,0,0,34910.0,289762.0,0,0.0,0,290098.0,0,0,0,0,0,0,10432.0,0,0,0,0,0,959545.0,188938.0,0
201606,0,0.0,0,10621.0,0,0,0,0,0,2053.0,0,0,78455.0,0,35169.0,3868.0,14332.0,22883.0,0,0,37764.0,327730.0,0,0.0,0,328575.0,0,0,0,0,0,0,11351.0,0,0,0,0,0,1104022.0,231221.0,0
201607,0,0.0,0,18803.0,0,0,0,0,0,2334.0,0,0,83222.0,0,34988.0,4558.0,15303.0,21899.0,0,0,33476.0,332067.0,0,0.0,0,319021.0,0,0,0,0,0,0,11895.0,0,0,0,0,0,1090374.0,212808.0,0
201608,0,0.0,0,15961.0,0,0,0,0,0,2022.0,0,0,86627.0,0,37421.0,3779.0,17935.0,23894.0,0,0,23821.0,351605.0,0,0.0,0,338783.0,0,0,0,0,0,0,14381.0,0,0,0,0,0,1146260.0,230031.0,0
201609,0,0.0,0,9351.0,0,0,0,0,0,1504.0,0,0,70424.0,0,33850.0,5118.0,15831.0,21422.0,0,0,30430.0,297912.0,0,0.0,0,311397.0,0,0,0,0,0,0,10851.0,0,0,0,0,0,1008180.0,200090.0,0
201610,0,0.0,0,9462.0,0,0,0,0,0,1202.0,0,0,62450.0,0,28923.0,0.0,12593.0,17456.0,0,0,30293.0,267413.0,0,0.0,0,314446.0,0,0,0,0,0,0,9530.0,0,0,0,0,0,933557.0,179789.0,0
201611,0,0.0,0,4874.0,0,0,0,0,0,562.0,0,0,54537.0,0,17319.0,0.0,9827.0,13296.0,0,0,21967.0,238249.0,0,0.0,0,293213.0,0,0,0,0,0,0,6798.0,0,0,0,0,0,827880.0,167238.0,0
201612,0,0.0,0,4932.0,0,0,0,0,0,386.0,0,0,43742.0,0,11103.0,0.0,7851.0,9103.0,0,0,14231.0,208317.0,0,0.0,0,320379.0,0,0,0,0,0,0,5626.0,0,0,0,0,0,773503.0,147833.0,0
201701,0,0.0,0,2009.0,0,0,0,0,0,252.0,0,0,34002.0,0,8056.0,0.0,6493.0,7241.0,0,0,13838.0,219886.0,0,0.0,0,258036.0,0,0,0,0,0,0,4268.0,0,0,0,0,0,695319.0,141238.0,0
201702,0,0.0,0,0.0,0,0,0,0,0,224.0,0,0,40110.0,0,11176.0,0.0,6585.0,7886.0,0,0,14000.0,208401.0,0,0.0,0,231045.0,0,0,0,0,0,0,4597.0,0,0,0,0,0,661360.0,137336.0,0
201703,0,0.0,0,0.0,0,0,0,0,0,106.0,0,0,45175.0,0,10979.0,0.0,7496.0,8808.0,0,0,15854.0,238691.0,0,0.0,0,265068.0,0,0,0,0,0,0,5279.0,0,0,0,0,0,754365.0,156909.0,0
201704,0,0.0,21788.0,0.0,0,0,0,0,0,0.0,0,0,56563.0,0,24219.0,0.0,10133.0,15839.0,0,0,13284.0,258852.0,0,0.0,0,328397.0,0,0,0,0,0,0,9360.0,0,0,0,0,0,927367.0,188932.0,0
201705,0,0.0,24508.0,0.0,0,0,0,0,0,0.0,0,0,73964.0,0,36546.0,3514.0,13872.0,19077.0,0,0,30999.0,317789.0,0,0.0,0,302356.0,0,0,0,0,21923.0,0,10939.0,0,0,0,4631.0,0,1059741.0,199623.0,0
201706,0,0,30721.0,0.0,0,18475.0,0,0,0,0.0,0,56347.0,97967.0,0,0,7997.0,19839.0,28486.0,0,0,43823.0,378008.0,0,0.0,13403.0,332846.0,0,0,5856.0,0,36154.0,0,0,0,15545.0,0,12160.0,0,1324682.0,227055.0,0
201707,0,0,36047.0,0.0,0,24068.0,0,0,0,0.0,0,67057.0,106142.0,0,0,13766.0,19784.0,33877.0,0,0,41492.0,424493.0,0,0.0,10006.0,326552.0,0,0,7527.0,0,104230.0,0,0,0,13486.0,0,18264.0,0,1493587.0,246796.0,0
201708,1959.0,0,24264.0,3429.0,0,21777.0,0,0,0,0.0,0,69175.0,109004.0,0,0,11298.0,21321.0,35489.0,0,0,44704.0,457940.0,0,0.0,10263.0,340448.0,0,0,6822.0,0,52454.0,1513.0,0,0,16235.0,0,12890.0,0,1513465.0,272480.0,0
201709,20974.0,0,0.0,6025.0,0,14561.0,0,0,0,0.0,0,52760.0,100062.0,0,0,8826.0,19142.0,40803.0,0,0,40741.0,372995.0,0,0.0,7594.0,305375.0,0,0,8740.0,0,31869.0,17212.0,0,0,12955.0,0,11463.0,0,1278383.0,206286.0,0
201710,15781.0,0,0.0,5334.0,0,10686.0,0,0,0,0.0,0,53038.0,96895.0,0,0,7126.0,18747.0,34940.0,0,0,41097.0,359567.0,0,0.0,6252.0,345121.0,0,0,6641.0,0,21908.0,14176.0,0,0,14514.0,0,10182.0,0,1256622.0,194617.0,0
201711,10156.0,0,0.0,3248.0,0,4698.0,0,0,0,0.0,0,28072.0,75944.0,0,0,0.0,13799.0,24278.0,0,0,26839.0,285086.0,0,0.0,2615.0,299001.0,0,0,4682.0,0,14437.0,10891.0,0,0,9437.0,0,5241.0,0,989075.0,170651.0,0
201712,7922.0,0,0.0,4251.0,0,2980.0,0,0,0,0.0,0,19205.0,62847.0,0,0,0.0,10715.0,17669.0,0,0,19559.0,229643.0,0,0.0,1755.0,298661.0,0,0,3337.0,0,12300.0,6574.0,0,0,7244.0,0,4198.0,0,854177.0,145317.0,0
201801,6648.0,0,0.0,855.0,0,2255.0,0,0,0,0.0,0,15397.0,50882.0,0,0,0.0,9332.0,16606.0,0,0,19328.0,233180.0,0,0.0,301.0,258735.0,0,0,2636.0,0,6322.0,5841.0,0,0,6701.0,0,2960.0,0,797564.0,159585.0,0
201802,7356.0,0,0.0,1802.0,0,3245.0,0,0,0,0.0,0,18696.0,56998.0,0,0,0.0,10462.0,18064.0,0,0,20978.0,241340.0,0,0.0,2090.0,239473.0,0,0,2813.0,0,9752.0,6409.0,0,0,7334.0,0,3879.0,0,807610.0,156919.0,0
201803,8192.0,0,0.0,2848.0,0,2985.0,0,0,0,0.0,0,24889.0,82477.0,0,0,0.0,11060.0,27986.0,0,0,27166.0,318467.0,0,0.0,1979.0,285864.0,0,0,3165.0,0,10370.0,9655.0,0,0,8510.0,0,4077.0,0,1001317.0,171627.0,0
201804,11916.0,0,0.0,4533.0,0,6083.0,0,0,0,0.0,0,41365.0,82631.0,0,0,0.0,15535.0,30941.0,0,0,35484.0,302582.0,0,0.0,3921.0,329036.0,0,0,4795.0,0,14872.0,10942.0,0,0,13820.0,0,6319.0,0,1099493.0,184718.0,0
201805,15733.0,0,0.0,8289.0,0,9852.0,0,0,0,0.0,0,59926.0,102533.0,0,0,3804.0,19067.0,39232.0,0,0,43584.0,359227.0,0,0.0,6091.0,325440.0,0,0,10447.0,0,23509.0,13758.0,0,0,13925.0,0,9272.0,0,1286036.0,222347.0,0
201806,20975.0,0,0.0,10917.0,0,14816.0,0,0,0,0.0,0,72338.0,123626.0,0,0,5050.0,22042.0,47886.0,0,0,52808.0,408956.0,0,0.0,10618.0,340813.0,0,0,8357.0,0,42368.0,17159.0,0,0,9722.0,0,13807.0,0,1474021.0,251763.0,0
201807,26808.0,0,0.0,14164.0,0,20032.0,0,0,0,0.0,0,81864.0,135541.0,0,0,25750.0,22637.0,54202.0,0,0,54316.0,458863.0,0,0.0,12705.0,338094.0,0,0,10501.0,0,62954.0,18811.0,0,0,19235.0,0,18868.0,0,1650490.0,275145.0,0
201808,26467.0,0,0.0,9413.0,0,17240.0,0,0,0,0.0,370.0,78851.0,143065.0,8273.0,0,7699.0,22343.0,38639.0,0,0,52867.0,481348.0,0,0.0,11931.0,342812.0,0,0,9358.0,0,58087.0,19502.0,0,33642.0,20593.0,685.0,17998.0,0,1664671.0,263488.0,0
201809,21720.0,0,0.0,5529.0,0,13132.0,0,0,0,0.0,3730.0,68162.0,119333.0,11976.0,0,11295.0,21517.0,28640.0,0,0,47105.0,388153.0,0,0.0,9417.0,293777.0,0,0,8295.0,0,34969.0,17318.0,0,23669.0,18221.0,7585.0,12841.0,0,1402592.0,236208.0,0
201810,16865.0,0,0.0,6003.0,0,6709.0,0,0,0,0.0,4679.0,51607.0,118886.0,10253.0,0,4681.0,19963.0,27231.0,0,0,48670.0,380629.0,0,0.0,5201.0,368475.0,0,0,7520.0,0,18894.0,14255.0,0,17814.0,15525.0,4633.0,8500.0,0,1398633.0,241640.0,0
201811,10900.0,0,0.0,3089.0,0,3679.0,0,0,0,0.0,1512.0,27094.0,89252.0,6822.0,0,0.0,14075.0,27378.0,0,0,29969.0,283938.0,0,0.0,2453.0,307559.0,0,0,4534.0,0,13673.0,9739.0,0,12397.0,9599.0,3827.0,2289.0,0,1053368.0,189590.0,0
201812,10121.0,0,0.0,4015.0,0,3315.0,0,0,0,0.0,1005.0,23376.0,75921.0,5497.0,0,0.0,10984.0,22542.0,0,0,23008.0,239801.0,0,0.0,2023.0,318762.0,0,0,3196.0,0,14160.0,8078.0,0,11313.0,8129.0,2794.0,4366.0,0,956541.0,164135.0,0
201901,8881.0,0,8322.0,1441.0,0,2312.0,0,1860.0,0,0,1044.0,18548.0,82890.0,5075.0,0,0.0,15344.0,0,6273.0,15466.0,22094.0,267494.0,1497.0,0,0,278395.0,3176.0,0,3141.0,0,11583.0,7059.0,0,10429.0,8517.0,3483.0,4442.0,0,1034643.0,245877.0,0
201902,8926.0,0,6539.0,2467.0,0,2570.0,0,2062.0,0,0,918.0,20205.0,77781.0,4666.0,0,0.0,11039.0,0,6458.0,14539.0,24480.0,241357.0,1917.0,0,0,248593.0,4677.0,0,2916.0,0,10858.0,6928.0,0,9699.0,8329.0,3104.0,4265.0,0,953209.0,227916.0,0
201903,10763.0,0,7375.0,3129.0,0,0,7737.0,2859.0,0,0,1232.0,29826.0,89498.0,6632.0,0,0.0,19410.0,0,8229.0,17032.0,29659.0,275312.0,2847.0,0,0,305687.0,5408.0,0,3761.0,5265.0,13527.0,8399.0,0,12283.0,10451.0,3813.0,5247.0,0,1206508.0,321127.0,0
201904,17351.0,0,7620.0,2788.0,0,0,16277.0,6895.0,0,0,2126.0,57149.0,119125.0,9315.0,0,0.0,19661.0,0,16312.0,24891.0,44117.0,334655.0,6375.0,0,0,381394.0,11585.0,0,7378.0,12214.0,20192.0,17472.0,0,16195.0,18922.0,5649.0,10216.0,0,1491357.0,305483.0,0
201905,20071.0,0,8000.0,5721.0,0,0,14903.0,7750.0,3028.0,0,2846.0,71765.0,138115.0,14066.0,0,0.0,23302.0,0,20056.0,28601.0,53446.0,378204.0,3016.0,0,0,353665.0,5993.0,0,8342.0,7001.0,30397.0,16238.0,0,19448.0,20494.0,7204.0,11249.0,0,1585142.0,312221.0,0
201906,26147.0,0,7237.0,5667.0,0,0,19741.0,11662.0,11030.0,0,3560.0,89501.0,159821.0,18240.0,0,7941.0,26254.0,0,25924.0,33272.0,59453.0,433174.0,3287.0,0,0,358924.0,5977.0,0,9535.0,9146.0,48283.0,17119.0,0,24831.0,23121.0,8563.0,16561.0,0,2028819.0,564848.0,0
201907,28073.0,0,6419.0,8682.0,0,0,20521.0,12725.0,9850.0,0,3406.0,89464.0,175710.0,19144.0,0,5380.0,25892.0,0,26375.0,32397.0,60049.0,487376.0,4339.0,0,0,378614.0,8452.0,0,11077.0,9852.0,75818.0,18038.0,0,30689.0,23250.0,8436.0,21009.0,0,1964968.0,363931.0,0
201908,30584.0,0,6960.0,8484.0,0,0,23981.0,13998.0,11503.0,0,4017.0,101747.0,182552.0,21360.0,0,7665.0,28541.0,0,30543.0,35120.0,66331.0,505853.0,4757.0,0,0,374188.0,8944.0,0,9712.0,12544.0,74149.0,21533.0,0,32634.0,24557.0,9799.0,21043.0,0,2021308.0,348209.0,0
201909,23421.0,0,7383.0,7179.0,13442.0,0,0,9366.0,9583.0,0,3001.0,81309.0,153075.0,17584.0,0,7298.0,27231.0,0,22884.0,31433.0,60638.0,406897.0,5360.0,0,0,345244.0,6290.0,0,9476.0,9108.0,39280.0,17823.0,0,24842.0,22575.0,8745.0,0,18154.0,1735874.0,0,347253.0
201910,19063.0,0,7810.0,5487.0,8491.0,0,0,6924.0,10406.0,0,2481.0,66327.0,141437.0,14014.0,0,4112.0,24629.0,0,17212.0,28722.0,52570.0,373214.0,4831.0,0,0,387350.0,5137.0,0,8338.0,5057.0,21763.0,15382.0,0,20710.0,20785.0,7813.0,0,14333.0,1630384.0,0,335986.0
201911,12224.0,0,6912.0,5791.0,4403.0,0,0,3267.0,7126.0,0,1496.0,38740.0,105360.0,8710.0,0,0.0,17440.0,0,9537.0,19636.0,33080.0,263909.0,5178.0,0,0,308167.0,3345.0,0,5357.0,4271.0,14384.0,9219.0,0,15013.0,14301.0,4986.0,0,10108.0,1195500.0,0,263540.0
201912,10130.0,0,5577.0,8491.0,3357.0,0,0,2410.0,4864.0,0,1086.0,27483.0,90748.0,6279.0,0,0.0,13888.0,0,7750.0,15654.0,24796.0,233864.0,4328.0,0,0,312444.0,4112.0,0,3648.0,3260.0,15010.0,7523.0,0,13411.0,10684.0,3971.0,0,8681.0,1006440.0,0,162991.0
202001,9979.0,0,7406.0,3704.0,2974.0,0,0,2654.0,5834.0,0,1301.0,25907.0,101870.0,7595.0,0,0.0,16072.0,0,8536.0,19097.0,26533.0,269128.0,2099.0,0,0,285049.0,1260.0,0,3682.0,3834.0,13372.0,7863.0,0,14134.0,12041.0,4992.0,0,9685.0,1090059.0,0,223458.0
202002,9791.0,0,7099.0,2298.0,3105.0,0,0,2716.0,5603.0,0,1172.0,25817.0,92277.0,6932.0,0,0.0,15289.0,0,7721.0,16994.0,26939.0,241317.0,3208.0,0,0,263592.0,2146.0,0,3263.0,3867.0,12787.0,7613.0,0,12858.0,11702.0,4627.0,0,8718.0,1031688.0,0,232237.0
202003,6700.0,0,3323.0,1408.0,2368.0,0,0,2154.0,3490.0,0,861.0,17100.0,59290.0,5558.0,0,0.0,9753.0,0,5585.0,12052.0,16550.0,132962.0,2003.0,0,0,124656.0,1039.0,0,1971.0,1674.0,8129.0,4734.0,0,8641.0,7377.0,2916.0,0,6812.0,565790.0,0,116684.0
202004,1731.0,0,0.0,0.0,764.0,0,0,405.0,592.0,0,263.0,2491.0,12312.0,1758.0,0,0.0,1507.0,0,1869.0,3303.0,2008.0,8401.0,0.0,0,0,0.0,0.0,0,336.0,0.0,1851.0,1165.0,0,2242.0,1857.0,507.0,0,3059.0,51041.0,0,2620.0
202005,4758.0,0,0.0,0.0,2689.0,0,0,1455.0,1429.0,0,1023.0,10228.0,25978.0,4954.0,0,0.0,3381.0,0,7654.0,7089.0,5818.0,27314.0,0.0,0,0,0.0,0.0,0,1003.0,0.0,6536.0,3093.0,0,4736.0,6450.0,1290.0,0,5714.0,135745.0,0,3153.0
202006,10339.0,0,0.0,0.0,6254.0,0,0,3992.0,3310.0,0,2790.0,16843.0,50880.0,9894.0,0,0.0,7191.0,0,11066.0,11451.0,11725.0,64496.0,0.0,0,0,1284.0,0.0,0,2164.0,0.0,18757.0,6038.0,0,10509.0,7641.0,2938.0,0,10788.0,278807.0,0,8457.0
202007,14876.0,0,0.0,0.0,9036.0,0,0,10335.0,4846.0,0,3535.0,26971.0,74202.0,16073.0,0,30268.0,10949.0,0,14227.0,15330.0,19248.0,117981.0,0.0,0,0,25002.0,0.0,0,3844.0,0.0,41132.0,8611.0,0,15680.0,8976.0,4571.0,0,16569.0,507239.0,0,14977.0
202008,18556.0,0,6953.0,0.0,11799.0,0,0,26451.0,6073.0,0,4256.0,35054.0,83485.0,22788.0,0,85060.0,13247.0,0,17887.0,17985.0,23027.0,134687.0,0.0,0,0,30467.0,0.0,0,4994.0,0.0,44295.0,10920.0,0,18379.0,11516.0,5735.0,0,18842.0,670662.0,0,18206.0
202009,20456.0,0,11142.0,0.0,9939.0,0,0,34910.0,7702.0,0,3518.0,32961.0,85409.0,30904.0,0,86591.0,14208.0,0,16941.0,18928.0,23486.0,114149.0,0.0,0,0,38930.0,0.0,0,5049.0,0.0,27013.0,10922.0,0,15825.0,9904.0,6017.0,0,13847.0,666152.0,0,27401.0
202010,17458.0,0,10781.0,0.0,7190.0,0,0,25933.0,7622.0,0,2879.0,24687.0,77107.0,26864.0,0,85107.0,11700.0,0,13880.0,17346.0,20612.0,85924.0,0.0,0,0,53160.0,0.0,0,4160.0,0.0,12490.0,9967.0,0,12220.0,12482.0,5810.0,0,12348.0,590694.0,0,32967.0
202011,11982.0,0,8321.0,0.0,3865.0,0,0,4327.0,5631.0,0,1909.0,15602.0,55381.0,18001.0,0,13847.0,8888.0,0,9722.0,12266.0,13164.0,49400.0,0.0,0,0,40352.0,0.0,0,2463.0,0.0,7841.0,6221.0,0,8581.0,5754.0,3472.0,0,8176.0,339466.0,0,24300.0
202012,7990.0,0,6369.0,0.0,1789.0,0,0,2034.0,3874.0,0,877.0,7844.0,40431.0,10840.0,0,8100.0,6184.0,0,5662.0,8250.0,8203.0,31702.0,0.0,0,0,34280.0,0.0,0,1478.0,0.0,4985.0,4131.0,0,6351.0,3694.0,2360.0,0,5969.0,233560.0,0,20163.0
202101,7918.0,0,6106.0,0.0,1642.0,0,0,2115.0,3927.0,0,898.0,8332.0,40907.0,11175.0,0,6408.0,6573.0,0,6396.0,8657.0,8695.0,32043.0,0.0,0,0,30187.0,0.0,0,1362.0,0.0,4914.0,4547.0,0,6055.0,3464.0,2321.0,0,6079.0,228047.0,0,17326.0
202102,3551.0,0,11007.0,0.0,773.0,0,0,1361.0,3313.0,0,1370.0,8710.0,14589.0,10002.0,0,4935.0,7321.0,0,5705.0,8975.0,3171.0,30730.0,0.0,0,0,24742.0,0.0,0,1638.0,0.0,1509.0,7201.0,0,3952.0,5278.0,4639.0,0,7651.0,184544.0,0,12421.0
202103,11979.0,0,8763.0,0.0,3960.0,0,0,4176.0,6070.0,0,2351.0,17501.0,55934.0,17413.0,0,10034.0,10151.0,0,10243.0,13332.0,14672.0,50948.0,0.0,0,0,44838.0,0.0,0,3222.0,0.0,7604.0,7851.0,0,8753.0,6966.0,4271.0,0,9243.0,352883.0,0,22608.0
202104,13864.0,0,10219.0,0.0,4836.0,0,0,8495.0,7189.0,0,2300.0,3270.0,64342.0,20626.0,0,18316.0,11365.0,0,12246.0,15723.0,19603.0,63698.0,0.0,0,0,55108.0,0.0,0,3429.0,0.0,9982.0,11423.0,0,10202.0,1190.0,4044.0,0,9296.0,408402.0,0,27636.0
202106,20866.0,0,23389.0,0.0,10846.0,0,0,34685.0,10179.0,0,5004.0,19156.0,94312.0,33304.0,0,139823.0,0.0,0,21277.0,23327.0,39494.0,156940.0,0.0,0,0,125616.0,0.0,0,6227.0,0.0,41355.0,14579.0,0,19499.0,0.0,7190.0,0,16473.0,953001.0,0,89460.0
202107,21045.0,0,29955.0,0,12643.0,0,0,27530.0,8831.0,0,5199.0,0,102068.0,33511.0,0,139344.0,0,0,17331.0,22469.0,37176.0,171652.0,0,0,0,135263.0,0,0,6190.0,8589.0,45981.0,15489.0,0,22376.0,1200.0,6938.0,0,18116.0,974388.0,0,85492.0
