Date,Total_CBDInbound,Avg_CBDInbound,Total_MNInbound,Avg_MNInbound,MIM_Midtown_Speed,ERB_In7a7p,Avg_ERB_In7a7p
9/16/2019,342309,412624,786152,954104.4,,157423,159883.4286
9/17/2019,347387,406804.8,800291,950263.6,,157178,157432.2857
9/18/2019,450687,402272.6,1035521,946319,,163008,155858.4286
9/19/2019,459701,396275.6,1057233,942974.4,,161567,153146.5714
9/20/2019,463036,391223.2,1091325,938745.2,,158993,151674.5714
9/21/2019,,389119.4,,934842.6,,163104,150906.5714
9/22/2019,,401171.5,,961783.3333,,157911,151171.1429
9/23/2019,313213,405243,766948,972877.8571,,140265,151169
9/24/2019,324726,420581.3333,780568,1007199.5,,146161,153128.8571
9/25/2019,420702,437773.5,1018798,1045192.667,,144025,154257.5714
9/26/2019,434439,439600.5,1036087,1044231.833,,151263,155657.7143
9/27/2019,452517,438540.6667,1071812,1037596.333,,153617,155268.1429
9/28/2019,461432,440862.6667,1096487,1038961,,164956,157104.7143
9/29/2019,429672,441272.8333,1039445,1035357,,157896,157479.2857
9/30/2019,,442046,,1030438.5,,153984,157575.5714
10/1/2019,427879,441662.2857,1008527,1028211.286,,154062,158162.7143
10/2/2019,431664,441974,1013033,1027298,,153826,158616.4286
10/3/2019,428080,438815.7143,996274,1017759.143,,148536,157785.2857
10/4/2019,466449,442780.1429,1080000,1025159.143,,166473,160456
10/5/2019,463893,443954.1429,1074863,1027817.571,,167578,160696.8571
10/6/2019,434311,444104,1009934,1027784.143,,158570,160968.2857
10/7/2019,439360,444782.2857,1014848,1031834.714,,158094,161299.1429
10/8/2019,430061,441042.5714,1002134,1028183.714,,157238,160040
10/9/2019,409556,443985.4286,946261,1034283.857,,148008,161342.5714
10/10/2019,455831,447621.5714,1048074,1042815.143,,167231,162324
10/11/2019,474667,448609.2857,1098609,1044201.429,,168159,162317
10/12/2019,464942,447962,1074629,1042915.714,,169478,161938.7143
10/13/2019,439059,448403.7143,1038288,1045943.143,,160886,161980.2857
10/14/2019,413182,446766.5714,989291,1039779.714,,149280,161231.4286
10/15/2019,450661,450110.7143,1044835,1044484.714,,166356,162862.1429
10/16/2019,435009,447262.5714,1005980,1035269.286,,154878,160985.4286
10/17/2019,462745,448824.2857,1057778,1039499.143,,167182,161834
10/18/2019,470136,446676,1089609,1037402.857,,165511,160452.4286
10/19/2019,468034,447073.8571,1095821,1038359.857,,169769,160662.5714
10/20/2019,427599,448117.8571,995144,1037966.857,,155644,160952.8571
10/21/2019,436591,448227.7143,1022226,1032534.429,,160695,160200.2857
10/22/2019,430724,449395.2857,980327,1033795.714,,153219,160103.2857
10/23/2019,445941,449094.1429,1035589,1034169.429,,160818,159870.4286
10/24/2019,447707,446960.2857,1043104,1028661.286,,157511,158779
10/25/2019,472921,443790.2857,1096308,1018657.429,,166982,157216.8571
10/26/2019,475342,442890.2857,1093070,1014857.571,,171801,156364.2857
10/27/2019,428368,439443.8571,957117,1008498.429,,150376,155548.4286
10/28/2019,444764,434341.7143,1031055,1006733.143,,160016,150750.8571
10/29/2019,428616,434220.8571,982943,1006949.143,,151589,150670.4286
10/30/2019,431004,435182,997032,1008441.286,,153178,151352.4286
10/31/2019,425517,437121,973077,1013249.857,,146576,152236.1429
11/1/2019,466621,439874.2857,1069709,1021601.714,,161014,154052.4286
11/2/2019,451217,438719.4286,1048556,1021884.857,,166090,154552.4286
11/3/2019,392653,439490,944760,1022904.857,,116793,154875.5714
11/4/2019,443918,446104.7143,1032567,1031967.857,,159453,161538.2857
11/5/2019,435344,441151.5714,993388,1024068.857,,156363,160305.4286
11/6/2019,444577,438138.2857,1030692,1020737.143,,159364,157416.2857
11/7/2019,444790,436257.1429,1031540,1016997.571,,159290,156577.8571
11/8/2019,458537,436890.4286,1071691,1015904.714,,164514,157136.8571
11/9/2019,456611,435280.2857,1055696,1015574.143,,168352,156191.7143
11/10/2019,438956,434274.7143,1008201,1013103.714,,163432,154895.2857
11/11/2019,409246,432682.8571,977274,1004857.857,,150823,154154.8571
11/12/2019,414251,430794.8571,970066,994963.4286,,136139,150569.8571
11/13/2019,431409,432553.1429,1004515,994640.8571,,153495,153235.1429
11/14/2019,449223,433177.1429,1023890,994294.4286,,163203,153848.2857
11/15/2019,447266,432920,1069377,995641.2857,,157898,153287
11/16/2019,449572,432468.7143,1038403,990632.8571,,159277,152300
11/17/2019,427813,432665,950480,991934.1429,,158249,152863.1429
11/18/2019,396030,428306,908013,987023,,125728,150285.7143
11/19/2019,426559,433176.1429,967808,1001738.429,,154796,154617.5714
11/20/2019,435777,433439.4286,1002090,1007449.429,,157787,154607.2857
11/21/2019,447423,433049.8333,1033318,1008342.667,,159274,153865.7143
11/22/2019,444107,421040,1034318,993797.6667,,150989,149554.5714
11/23/2019,450946,411645.3333,1047512,981025,,163219,148697.1429
11/24/2019,397300,404268.3333,916102,975635.8333,,140207,147932.1429
11/25/2019,430121,400810.8333,1011021,969035,,156051,148284.5714
11/26/2019,428402,389149,1007785,942068.6667,,154724,142323.1429
11/27/2019,,379613.5,,923951.1667,,152596,138034.2857
11/28/2019,375364,382641,946048,922492.1429,,129096,136923
11/29/2019,387739,391374.4286,957682,928723.1429,,144987,140427
11/30/2019,406684,399705.2857,1015177,938208.2857,,157864,141385.8571
12/1/2019,376555,406141.4286,876497,940228.8571,,142674,141756.1429
12/2/2019,360150,413597.1429,849223,953498,,114321,144238.7143
12/3/2019,371189,419538.2857,899080,961498.7143,,124702,147098.5714
12/4/2019,400806,424628.1429,913738,965982.4286,,144817,148802.4286
12/5/2019,436498,426616,989665,968244.4286,,153624,148440
12/6/2019,446055,428021.5714,1024078,972954.5714,,151699,148625.7143
12/7/2019,451737,426883.7143,1029321,968088.7143,,160456,147087
12/8/2019,428745,422019.2857,969381,956384.8571,,160052,144189.2857
12/9/2019,401738,413825.4286,905228,949701.1429,,134340,138865.5714
12/10/2019,406818,413204.1429,930466,955106.4286,,136629,138342.1429
12/11/2019,414721,413214.4286,929572,951646.4286,,142280,138472
12/12/2019,446337,413638,1022636,957605.2857,,154924,139152.2857
12/13/2019,438090,410672.5714,990017,952235.7143,,140928,138190.5714
12/14/2019,417686,412048.2857,947394,957540.7143,,140172,139465.2857
12/15/2019,371388,415257.8571,922595,966981.4286,,122786,142006.5714
12/16/2019,397389,420580.8571,943065,970818.5714,,130676,145722
12/17/2019,406890,423027,906246,977010.4286,,137538,148396.5714
12/18/2019,417686,420183.1429,971284,983670.1429,,147042,149408.1429
12/19/2019,425579,408229,985049,961962.7143,,148192,145027.4286
12/20/2019,447720,400970,1027152,946940.2857,,149851,143337.2857
12/21/2019,440153,392425.1429,1013479,933630.2857,,157961,141534.1429
12/22/2019,408649,383168.7143,949455,921920.4286,,148794,139103.1429
12/23/2019,414512,374881.2857,986408,908612.1429,,149398,136918.1429
12/24/2019,386983,368498.5714,952864,889738,,144619,133628
12/25/2019,334007,365517.8571,819332,881172.7143,,116377,131831.7143
12/26/2019,374766,368352,879892,881572.8571,,136361,132189.4286
12/27/2019,387906,370478.7143,933982,889246,,137229,133735.7143
12/28/2019,375358,369262.8571,931510,885561.8571,,140944,133156.7143
12/29/2019,350637,367092.4286,856297,874473.8571,,133499,131509
12/30/2019,369833,368733.2857,854289,871407.4286,,126367,133353.1429
12/31/2019,366118,369211,892907,873270.1429,,132045,135383.8571
1/1/2020,353846,371410.7143,822133,873334.2857,,118881,137651.1429
1/2/2020,389653,375690.4286,933604,882907.7143,,147185,141326.1429
1/3/2020,379395,377483.5714,908193,883074.1429,,133176,141495.7143
1/4/2020,360165,381365.7143,853894,888922.7143,,129410,143144.4286
1/5/2020,362123,388659.5714,834832,902973.8571,,146408,146364.7143
1/6/2020,373177,392130.1429,867328,910765.1429,,140582,146442.8571
1/7/2020,381516,393705.5714,893356,913971.1429,,147916,146265.1429
1/8/2020,383804,392240.1429,889147,909610.5714,,144606,144981.8571
1/9/2020,402205,393938.7143,934769,913945.7143,,148372,145543
1/10/2020,406570,395377.5714,949133,913821.5714,,144717,145272.8571
1/11/2020,411222,398790.4286,952252,919271.4286,,151952,146543.8571
1/12/2020,386417,392558.5714,889371,897734,,146955,142758.4286
1/13/2020,384205,389210.4286,889770,886809.8571,,139338,141808.8571
1/14/2020,371258,384775.4286,862832,877497.8571,,138933,141357
1/15/2020,395694,384710.8571,919493,874031.2857,,148534,142552.8571
1/16/2020,412277,384642.4286,933900,872420.2857,,146481,142557.4286
1/17/2020,430460,386589.8571,987282,876172.8571,,153614,144233.7143
1/18/2020,367599,386334.8571,801490,875322.7143,,125454,144439
1/19/2020,362980,390378.8571,812902,879201.7143,,140308,145958.8571
1/20/2020,353160,396297.4286,824586,893914,,136175,148077.8571
1/21/2020,370806,404711.2857,838566,911189.1429,,147304,150415.5714
1/22/2020,395215,411096.8571,908216,927124.1429,,148566,151954.8571
1/23/2020,425909,415622.8571,960168,934598.1429,,158215,153793
1/24/2020,428675,417330.4286,981331,938338.5714,,155051,154348.1429
1/25/2020,395907,417926.8571,828643,938700.8571,,136093,154609.8571
1/26/2020,404410,420848.7143,915888,953525.8571,,155141,156817
1/27/2020,412057,418355.2857,945512,947070.5714,,152539,156032.4286
1/28/2020,415505,417312.1429,950111,945772.7143,,158079,155838.4286
1/29/2020,426897,414332,960534,940148,,161433,154678
1/30/2020,437862,408639.7143,986351,933666.5714,,162101,152139.7143
1/31/2020,432850,400402.5714,983867,919157.4286,,156883,146349.5714
2/1/2020,416360,399573.8571,932418,916755.4286,,151543,145117.4286
2/2/2020,386956,403153.1429,870701,926769.1429,,149649,147012
2/3/2020,404755,406569.2857,936427,934162.1429,,151181,147993.8571
2/4/2020,394644,403921.4286,910738,928826.2857,,149956,144572.4286
2/5/2020,387051,403068.8571,915164,927684.5714,,143665,142651.2857
2/6/2020,380202,408796.4286,884787,936284,,121570,145342.8571
2/7/2020,427049,411133.5714,967053,936041.8571,,148258,148098.7143
2/8/2020,441415,414853,1002514,947786.5714,,164805,149454.5714
2/9/2020,410869,413323.1429,922452,945658.4286,,156522,148906.4286
2/10/2020,386220,411889.5714,899076,946057.7143,,127231,148453.8571
2/11/2020,388676,411662,902746,947710.1429,,136508,150744.1429
2/12/2020,427144,412492.4286,975360,950061.7143,,162506,152128
2/13/2020,396562,410206.5714,883092,948134,,140861,151012.5714
2/14/2020,453085,416628.4286,1049266,966586.2857,,157749,154398.8571
2/15/2020,430706,413042.2857,987617,957314.4286,,160968,154911.2857
2/16/2020,400834,411356.8571,925247,953764.5714,,153354,155198
2/17/2020,384627,409982.2857,910643,950306.1429,,143263,155400.4286
2/18/2020,394489,412592.4286,919207,953610,,146195,157452.4286
2/19/2020,411143,412672.1429,961866,951983,,154698,157521.1429
2/20/2020,441515,409303.5714,1012258,941752.5714,,164565,155302
2/21/2020,427982,405962.4286,984363,934305.2857,,161336,154413.2857
2/22/2020,418908,406879.8571,962768,937944.8571,,162975,154856.8571
2/23/2020,391212,406900.8571,901038,939338.2857,,154771,155171.2857
2/24/2020,402898,407456.8571,933770,943823.2857,,157627,154672.1429
2/25/2020,395047,408770.8571,907818,947852.7143,,146676,154049.5714
2/26/2020,387563,411253,890253,955917.5714,,139164,154918.1429
2/27/2020,418127,417514.2857,960127,971854.2857,,158344,157702.1429
2/28/2020,434404,421080.8571,1009840,981632.1429,,164441,158120.7143
2/29/2020,419055,421205.7143,972522,982132.4286,,165176,156430
3/1/2020,395104,422183.8571,932433,985596.8571,,151277,156076.5714
3/2/2020,412096,421701.5714,961976,983730,,153269,156252.7143
3/3/2020,412422,421402,964272,984845.5714,,152756,156897.7143
3/4/2020,431392,421658.4286,1001810,977297.5714,,158652,157604
3/5/2020,443093,420756,1028572,972672.2857,,161274,158451.1429
3/6/2020,435278,418079.7143,1013342,964439,,152606,158096.7143
3/7/2020,425902,413827.7143,996773,955372.7143,,162702,158556.1429
3/8/2020,391728,401358.2857,919365,929862,,152510,156587.5714
3/9/2020,409999,386445,969785,898345.5714,,157784,153166
3/10/2020,414217,380219.1429,911436,880435.7143,,157700,153653.4286
3/11/2020,425075,367127.5714,969433,858512,,164582,151522.5714
3/12/2020,424359,351549.2857,970939,827806,6.77,158793,148777
3/13/2020,405514,330790.1429,949878,783537.2857,7.25,155822,143969.5714
3/14/2020,338616,312743.1429,818198,744862,10.82,148922,139762.8571
3/15/2020,287335,292598.8571,698750,699862.2857,11.88,128559,132566.7143
3/16/2020,366418,273211.1429,844416,653253.1429,8.81,161196,125382
3/17/2020,322576,247050.5714,757970,595659.5714,9.87,142784,113999.8571
3/18/2020,316027,230135.2857,754491,558244.1429,10.28,145363,107281.7143
3/19/2020,279045,213214.1429,661058,518346.7143,11.21,125141,99662.28571
3/20/2020,279185,202298.1429,679151,494266.1429,11.43,126375,95419.71429
3/21/2020,197606,191406.5714,503200,468988.5714,13.2,98549,90912.85714
3/22/2020,151621,181628.1429,372486,443891.4286,13.67,78266,86095.85714
3/23/2020,183294,175296.2857,441261,428650,12.48,81521,82518.85714
3/24/2020,204169,174525.2857,496062,427812.5714,12.87,95757,83255
3/25/2020,197579,170683.2857,475209,419057.1429,12.72,92027,81845.85714
3/26/2020,202633,168639.4286,492494,415092.8571,12.65,95443,81647.42857
3/27/2020,202944,165633.5714,502208,408615,12.66,94827,81048
3/28/2020,129157,162358.1429,327520,400703.2857,13.65,64830,80383.85714
3/29/2020,107298,162639,265796,401969.7143,14.51,53227,80881
3/30/2020,177897,164304.7143,435399,406255.1429,13.14,86674,82116.14286
3/31/2020,177275,164379.1429,434774,406801.8571,13.26,85893,82453
4/1/2020,183272,164684.4286,447459,407868.5714,12.93,90638,83025.42857
4/2/2020,181592,163752.5714,447149,405850.5714,13.15,91247,82682
4/3/2020,180016,161507.2857,446826,400001.1429,13.13,90178,81109.57143
4/4/2020,131123,160894.4286,336385,397865.2857,14.38,68310,81159.71429
4/5/2020,118958,162144.7143,295794,400703.8571,14.06,61873,81888
4/6/2020,178418,162825.8571,439226,401831.1429,13.13,89032,82191
4/7/2020,179412,160266.4286,442241,394058.2857,13,89900,80371.71429
4/8/2020,176749,162520,433333,399931.1429,13.27,88234,81865.28571
4/9/2020,165875,164392.5714,406203,404780,13.21,80240,82790.14286
4/10/2020,175726,168677.1429,431875,415233.1429,13.34,90529,85659.71429
4/11/2020,139875,173060,356255,426872,13.91,73408,87861.85714
4/12/2020,123726,173919.2857,303685,428799.4286,13.93,63994,88043.42857
4/13/2020,160502,177608.1429,384816,439004.7143,12.61,76297,90171.42857
4/14/2020,195187,184254.1429,483351,456299.5714,12.84,100355,94134.14286
4/15/2020,189857,185463,467275,456920.2857,13.2,94708,94415.85714
4/16/2020,195867,190209.1429,479375,466749.5714,13.22,100327,96617.71429
4/17/2020,206406,193746.2857,513347,474156.4286,13.03,105944,98314
4/18/2020,145890,194356.4286,369747,474392,13.4,74679,98042
4/19/2020,149548,199835.4286,375122,489427.5714,13.04,78890,101235.7143
4/20/2020,207024,198039,505880,484219.1429,12.47,104036,99873.28571
4/21/2020,203649,199870.7143,487696,487233.4286,12.31,102327,101009.7143
4/22/2020,223080,204391.4286,536080,499404.4286,12.41,110121,103106.8571
4/23/2020,220627,205623.7143,531223,501679.8571,12.34,112201,104076.8571
4/24/2020,210677,206404.1429,514996,503033.8571,12.36,104040,104027.7143
4/25/2020,184243,210928.1429,474996,513598.1429,13.57,97035,106280.7143
4/26/2020,136973,213633.1429,338663,520916.5714,13.31,69353,107240
4/27/2020,219846,219884.1429,526980,539220.2857,12.39,111991,110370.4286
4/28/2020,235294,223527,572893,548392.1429,12.16,117007,111736.4286
4/29/2020,231706,225709.5714,552008,552866.4286,12.99,116911,112764
4/30/2020,226090,227649.4286,540701,558026.5714,12.6,111857,113249.1429
5/1/2020,242345,232496.4286,588946,571041.5714,12.53,119811,115318.7143
5/2/2020,203178,234238.1429,526225,576043.2857,13.81,103750,115855.8571
5/3/2020,180730,233991.1429,466789,574755.4286,14.01,91266,115982.8571
5/4/2020,245346,236913.8571,591183,582943.5714,12.88,121553,117063.4286
5/5/2020,250572,238163.5714,604213,585578.7143,12.15,124200,117542
5/6/2020,245285,239912.1429,588129,590047.5714,12.16,120307,117974.4286
5/7/2020,260019,243408,631806,598555.4286,12.66,126344,119171.7143
5/8/2020,254537,245909.5714,623958,603606.8571,12.4,123571,120160.1429
5/9/2020,201449,250111,517210,615271.1429,13.85,104639,121746.1429
5/10/2020,201189,253867.4286,524106,628285.5714,13.99,98830,121987.8571
5/11/2020,254094,254088.8571,609629,629307,12.72,124903,122184.1429
5/12/2020,262812,257501.1429,635495,638691,12.5,127227,123897.2857
5/13/2020,269756,260880,647684,646928,12.91,128688,125704.5714
5/14/2020,277530,263726.7143,667166,654737,12.62,133263,127155.8571
5/15/2020,283947,265711,705608,662286,12.49,134673,127346.7143
5/16/2020,227744,267689.2857,608311,670000.5714,14,106331,127386.5714
5/17/2020,202739,264145.2857,531256,659552.1429,14.19,100204,126507.8571
5/18/2020,277980,266676.4286,675317,667614.4286,12.29,136895,127374.2857
5/19/2020,286464,258587.8571,693154,654677.1429,12.18,139878,122595.5714
5/20/2020,289683,260921.7143,702347,661501.2857,12.23,138847,122522.2857
5/21/2020,291420,263335,720009,668158.5714,11.8,134599,122950.1429
5/22/2020,297795,264628.8571,759610,670848.5714,11.69,134952,123790.7143
5/23/2020,202936,265184.2857,535172,670186.8571,13.98,100180,124489.5714
5/24/2020,220457,271155.2857,587692,688212.5714,13.34,106269,126478.8571
5/25/2020,221360,271997.7143,584756,692803.5714,13.69,103444,126103.7143
5/26/2020,302801,283311.2857,740923,715852,11.6,139365,131119
5/27/2020,306576,279487.1429,748948,709998.8571,11.31,141842,131545.1429
5/28/2020,300477,275222.1429,738839,703010.5714,11.23,140483,131566.1429
5/29/2020,301683,271836.4286,754978,702261.4286,12,139844,130655.2857
5/30/2020,244733,268780.5714,661352,699588.5714,13,114105,130708.2857
5/31/2020,226354,263904.2857,619829,693596.7143,13.68,103643,130361
6/1/2020,300555,263174.1429,746095,694301.7143,10.22,138551,130854
6/2/2020,276032,264760.2857,699951,698795.1429,8.58,142348,130950
6/3/2020,276721,270543.5714,700030,711750.5714,10.37,141989,130580.2857
6/4/2020,276777,277604.5714,733595,727160,10.28,134107,131301.8571
6/5/2020,280292,283783.7143,736268,734230.8571,10.13,140215,132725.1429
6/6/2020,210599,292066.2857,619409,751701.8571,11.51,111674,133443.4286
6/7/2020,221243,300557.5714,624764,768362.5714,13.07,107094,134528
6/8/2020,311658,304156.4286,777549,776280.1429,10.26,139223,134643.7143
6/9/2020,316515,307507,790639,782068.1429,9.96,139760,136165.2857
6/10/2020,326148,310251.7143,807896,785923.2857,9.37,147040,137182.1429
6/11/2020,320031,312847.7143,783091,790293.8571,9.77,144070,137860.7143
6/12/2020,338270,317448.8571,858565,800106.7143,9.25,145243,139458.1429
6/13/2020,270038,319266.5714,736034,804201.4286,12.4,119266,139329.1429
6/14/2020,246435,320910.2857,680187,809695.5714,13.43,107904,140062.2857
6/15/2020,335112,322804.1429,818065,818103.2857,9.87,149874,139979.5714
6/16/2020,335728,323763.2857,817625,823247.2857,9.33,146878,139144.2857
6/17/2020,344320,325517.4286,838490,829055.2857,9.12,151790,139253
6/18/2020,352239,326701.2857,851781,832566,8.72,155252,139081.5714
6/19/2020,350994,328138.8571,887228,838563.8571,8.59,144340,139098.7143
6/20/2020,281544,330414.8571,774493,844249.5714,11.97,124398,140437.4286
6/21/2020,259692,330580.8571,739041,843247.2857,13.14,107325,140398.2857
6/22/2020,341826,331618.2857,854073,842291.4286,9.1,144027,141465.8571
6/23/2020,348007,333592.7143,858281,845850.5714,8.52,147639,142486.2857
6/24/2020,352607,335999,863065,849450.2857,8.64,150590,143820.5714
6/25/2020,362302,337543.1429,893766,853721.8571,8.16,155372,144153.7143
6/26/2020,366926,339478.2857,927028,860547.8571,8.37,153711,143560.7143
6/27/2020,282706,330003.1429,767477,844435.7143,12.9,124124,140830.1429
6/28/2020,266954,322332.4286,732350,828377.1429,12.87,114798,137711.4286
6/29/2020,355647,322746,878987,830658.4286,8.96,151170,136314.7143
6/30/2020,364851,320294,883479,826592.1429,8.56,156979,134897.1429
7/1/2020,363416,319507.7143,892966,826171.4286,8.19,152922,134974.7143
7/2/2020,375848,318995,941548,824009.8571,8.31,151221,135292.1429
7/3/2020,300600,317290.2857,814243,817751.2857,11.59,134597,135546.7143
7/4/2020,229011,321278.2857,655067,817397.1429,13.98,102293,135931.2857
7/5/2020,269849,329775.7143,748319,832603.2857,12.8,105021,140235.7143
7/6/2020,338483,332683.8571,850523,837325.7143,9.07,141247,142205.7143
7/7/2020,359347,334504.5714,880534,840517.4286,9.11,157522,143029.5714
7/8/2020,359827,334459.2857,877835,842461.1429,8.8,155144,141836.8571
7/9/2020,363915,335824.4286,897738,846820.8571,7.73,153003,141924.2857
7/10/2020,328516,337129,811764,849403.1429,8.54,137289,142322.1429
7/11/2020,288493,343433.7143,761510,864123.7143,12.14,132424,144791.8571
7/12/2020,290206,346312.4286,781376,874288.4286,12.49,118811,144033.5714
7/13/2020,351228,344523.7143,872865,872754.1429,9.05,147014,142802.8571
7/14/2020,359030,343627.1429,894140,870869.8571,8.23,149173,142151.1429
7/15/2020,369383,343447.8571,908353,869575.2857,8.28,155756,142308.5714
7/16/2020,373047,342057.5714,915814,865717.8571,8.41,155788,141958
7/17/2020,372649,342415.5714,914808,864762.1429,9,154577,142698.7143
7/18/2020,308644,342520.1429,832663,866057.1429,13.33,127116,142296.8571
7/19/2020,277685,345216,770636,872255.4286,11.94,110196,143250.2857
7/20/2020,344952,348113.4286,859675,876900.8571,9.62,142452,144800.2857
7/21/2020,357775,350016.8571,885078,881137,9.22,150275,145604.8571
7/22/2020,359651,351335.2857,881351,882968.7143,9.47,153302,145880.1429
7/23/2020,375553,353331.4286,909124,888219.8571,9.26,160973,146168.7143
7/24/2020,373381,353700,923873,890606.4286,8.97,151764,145621.7143
7/25/2020,327515,354870.1429,876051,892860.7143,12.46,133790,146171.4286
7/26/2020,297967,355775.8571,803154,893916.5714,13.69,121046,146126.7143
7/27/2020,358276,355573,889328,890256.8571,9.78,148084,146338.1429
7/28/2020,367004,357386,897900,893910,9.17,152202,146955.8571
7/29/2020,373624,349542.7143,918109,869303.1429,8.9,155322,143879.8571
7/30/2020,378133,351440.5714,925830,871420.4286,8.9,157144,143935
7/31/2020,381572,353664.5714,939653,874072.2857,7.71,155612,144093.1429
8/1/2020,333855,354158.5714,883442,873576.4286,11.62,133477,144686.1429
8/2/2020,296547,352903.5714,777536,868930.4286,12.44,122526,145350.5714
8/3/2020,370967,355403.4286,914900,875874.7143,9.29,152408,145617.4286
8/4/2020,312101,354509.2857,725652,874050.4286,9.64,130670,145430
8/5/2020,386909,363288.2857,932930,900404.5714,8.02,155708,148804
8/6/2020,393701,361292.8571,944393,895540.8571,7.9,158251,148817.1429
8/7/2020,385030,359392.4286,936182,891216.5714,8.37,159763,148412.2857
8/8/2020,325070,360217.7143,850920,896011.7143,12.02,138128,147924
8/9/2020,314046,362931.2857,826146,903277,12.3,124394,148484
8/10/2020,364708,358876.4286,902130,890926.5714,8.94,151096,147406.5714
8/11/2020,373554,359515.4286,910131,890744,8.65,154288,148334.4286
8/12/2020,372941,360249.1429,898884,891344.4286,8.01,155800,148558.5714
8/13/2020,380398,361222.7143,914123,891706,8.02,155417,148747.5714
8/14/2020,390807,363917,969748,897818.7143,7.33,156345,149290.7143
8/15/2020,344065,366015.1429,901777,899092.8571,10.49,142048,150178.4286
8/16/2020,285662,367306.8571,739693,899813.2857,11.82,116852,150042.5714
8/17/2020,369181,373058.2857,900852,914044.4286,8.47,157591,151879.4286
8/18/2020,378690,373532.5714,914334,914304.1429,8.35,155857,151218
8/19/2020,379756,374139.7143,901415,913508.1429,7.6,157123,151574
8/20/2020,399258,376234.7143,956912,918255.4286,7.56,159219,152123.4286
8/21/2020,405494,374976.4286,978667,913362.1429,7.88,162559,152027.8571
8/22/2020,353107,374157.4286,906820,913150.7143,10.21,141097,151676.4286
8/23/2020,325922,369405,839311,898861.5714,11.07,129710,151288.4286
8/24/2020,372501,372092.2857,902670,904601.1429,8.62,152961,152031.8571
8/25/2020,382940,374295.8571,908762,908682.5714,7.78,158349,153453.8571
8/26/2020,394421,373743.8571,934646,908140.5714,7.65,160969,153249
8/27/2020,390450,371921,922659,901535.1429,6.67,158550,152942.7143
8/28/2020,399761,371952.4286,977187,903919.7143,7.53,160099,153279.8571
8/29/2020,319840,371695.2857,806796,904368.5714,,138381,152884.4286
8/30/2020,344733,375079.2857,879488,917101.8571,,134914,152783.8571
8/31/2020,387926,371747.7143,931240,910591,8.34,162915,151450.4286
9/1/2020,379076,359977.5714,904968,892010.4286,7.52,156915,145470.1429
9/2/2020,381661,360932.1429,888408,895848.8571,7.67,158825,145601.7143
9/3/2020,390670,362065.8571,939351,902540,7.88,160910,146264.2857
9/4/2020,397961,360296,980329,896535.5714,7.89,157331,145749.8571
9/5/2020,343528,361182.8571,895929,896187.1429,10.08,137677,146443.2857
9/6/2020,321412,364786.1429,833912,899211.8571,11.37,125580,147746.2857
9/7/2020,305535,366669,801176,899842.5714,12.4,121053,149364.1429
9/8/2020,385758,377159.8571,931837,915297.8571,7.91,157836,154922
9/9/2020,389597,377706,935246,913934,7.78,163463,155951.1429
9/10/2020,378281,377716.5714,897320,912691.5714,7.8,157309,156096.5714
9/11/2020,404169,381188.4286,977890,919181.4286,7.78,162185,157214.4286
9/12/2020,368751,381984,917102,920683.5714,10.08,146798,157246
9/13/2020,334592,382178.5714,838327,922412.4286,11.22,136905,157720.2857
9/14/2020,378971,382196.4286,909363,922568.1429,8.45,159958,157679.7143
9/15/2020,389581,381512,922290,921357.7143,7.61,165040,157420.5714
9/16/2020,389671,380383.2857,926549,919193.7143,7.43,164481,156614.8571
9/17/2020,402584,380053.4286,942749,919422.7143,7.24,165134,155754.8571
9/18/2020,409738,379552.5714,988405,920234,7.56,162406,155583
9/19/2020,370113,379959,929204,921536.1429,9.99,150118,156345.8571
9/20/2020,334717,380592.2857,839417,923408.5714,11.13,136621,156334.4286
9/21/2020,374180,380935.8571,900890,924666.4286,8.36,158144,156373.8571
9/22/2020,381680,377867,907142,921185.2857,7.77,159400,155069.8571
9/23/2020,387362,376353.5714,928152,917122.1429,7.44,158461,154514.5714
9/24/2020,399078,376356.4286,948428,915733.8571,7.74,163931,154765.2857
9/25/2020,412583,377430.7143,997520,918676.2857,7.51,167746,154759.4286
9/26/2020,374546,375938.7143,942311,913614.7143,9.49,150038,153194.2857
9/27/2020,337122,375424.5714,848222,912931.8571,10.99,136897,152919.1429
9/28/2020,352698,374635.7143,876522,911547.2857,9.25,149016,152932
9/29/2020,371086,377719.8571,878700,914475.8571,7.53,155513,154352.4286
9/30/2020,387382,379130.1429,918434,918950.2857,6.82,160216,155196
10/1/2020,406598,378686.8571,969025,918727.2857,6.95,163890,155169.7143
10/2/2020,402139,376785,962089,914347.5714,6.72,156790,154906.1429
10/3/2020,370947,377913.2857,937531,916759.4286,8.92,148112,155589.5714
10/4/2020,331600,379614.2857,838530,917566.5714,10.4,136987,156946.2857
10/5/2020,374287,379245.1429,897022,915773.1429,7.67,158959,157186.7143
10/6/2020,380958,372531.4286,910021,902072.1429,7.74,161418,153894.2857
10/7/2020,384279,370478.7143,916873,894305.1429,7.64,160032,152383
10/8/2020,393285,371296.1429,938367,895934.1429,6.99,162045,152252.8571
10/9/2020,410037,367566.5714,978972,893092.7143,7.54,161574,149029.4286
10/10/2020,382854,352927.8571,943181,871248.7143,9.07,157609,140460.2857
10/11/2020,329016,340919,825976,856886,11.2,138670,132947.5714
10/12/2020,327291,334493.5714,801115,853679.7143,9.42,135912,127250.1429
10/13/2020,366589,332589.8571,855652,858224.2857,6.61,150839,124036.7143
10/14/2020,390001,324235.2857,928276,852415.8571,7.38,159121,118153.2857
10/15/2020,367178,318973,918477,844089.1429,7.38,139481,115051.7143
10/16/2020,307566,321423.7143,826064,843764.7143,7.54,101590,116366.2857
10/17/2020,298792,335203.5714,842642,863744,9.96,105020,124307.7143
10/18/2020,284038,345841.7143,803532,874090,10.42,98788,130101.7143
10/19/2020,313965,354530.1429,832927,880600.5714,8.41,113418,136073.5714
10/20/2020,308107,360537.8571,814993,882358.1429,8.04,109655,140520.5714
10/21/2020,353165,370208.2857,869989,892656.2857,7.75,137410,147005.8571
10/22/2020,384333,373369.4286,916206,893860.1429,7.37,148683,148365.5714
10/23/2020,404025,370901.7143,965919,884635.1429,7.75,157180,147699.8571
10/24/2020,373259,368330.2857,915064,877870.1429,9.77,145578,146934.1429
10/25/2020,344857,366563.1429,849106,873219.7143,9.7,140591,147116.2857
10/26/2020,356019,364115.7143,845230,866114.5714,8,144547,145837.4286
10/27/2020,375800,366905.7143,887080,872241.2857,7.19,155052,147823
10/28/2020,375293,363108.4286,878416,865281,7.34,146928,147771.5714
10/29/2020,367059,360305,851631,862479.8571,6.46,144023,148202.4286
10/30/2020,386025,362397.5714,918564,871835.1429,6.85,151820,150124.5714
10/31/2020,360889,364560.7143,882511,877448.2857,8.41,146853,151353.8571
11/1/2020,327725,365264.1429,799370,880840.1429,10.05,131639,151161.5714
11/2/2020,375549,367064.1429,888117,886844.5714,7.61,158446,152014
11/3/2020,349219,366003.8571,838358,886044.7143,8.38,154692,151248.1429
11/4/2020,355669,370134.2857,858808,894332.2857,7.94,149944,151303.1429
11/5/2020,381707,368764,917118,888485.5714,6.86,157478,150532.1429
11/6/2020,401167,366963.2857,957856,880054.8571,6.61,160425,149180.2857
11/7/2020,365813,363990.5714,906254,871356.1429,8.52,145507,147414.4286
11/8/2020,340325,363213.1429,841401,866557.1429,9.93,137606,148181.7143
11/9/2020,368127,357988.7143,882518,851626.7143,8.05,153085,147658.5714
11/10/2020,378132,357893.7143,896371,849233.5714,7.57,155077,147572.4286
11/11/2020,346077,356924.1429,817881,845774.4286,8.18,144547,147901.4286
11/12/2020,369102,361360.5714,858103,855532.5714,6.91,148015,149741
11/13/2020,380358,364370.8571,896965,861769.1429,7.1,148064,152098.5714
11/14/2020,360371,367024.5714,872661,868311.8571,9.28,150878,153785.4286
11/15/2020,303754,366769.2857,736888,868930.2857,10.1,133944,153682.5714
11/16/2020,367462,366646.8571,865766,868300.1429,6.91,152482,153684.5714
11/17/2020,371345,366255,872157,866816.5714,6.94,157380,153049.8571
11/18/2020,377132,368002.4286,886188,873764.5714,6.33,157424,153144.1429
11/19/2020,390174,369577.8571,901759,881281.5714,6.47,164518,152903.4286
11/20/2020,398934,349582.4286,942764,845670.4286,7.26,159872,144757.4286
11/21/2020,358584,338070,876990,824817.1429,9.25,150158,141277.2857
11/22/2020,302897,332547.8571,732477,813575.8571,10.59,133958,139743
11/23/2020,364719,334263.4286,855381,819712.1429,7.69,148039,139573
11/24/2020,383577,330458.2857,920793,809055.4286,7.44,158040,137837.5714
11/25/2020,388160,327955.7143,938807,800204.4286,7.87,155739,137141.5714
11/26/2020,250206,325200,652481,788087.4286,12.57,107496,136897.4286
11/27/2020,318347,343176.8571,796791,820824,,135511,144331.2857
11/28/2020,319929,351414.2857,798301,832509,,139418,146691.5714
11/29/2020,314906,350471,775431,823593,,132768,145897.5714
11/30/2020,338083,349673.4286,780784,817582.4286,8.17,135891,146605.2857
12/1/2020,366059,352997.8571,858836,826647.1429,6.73,153168,149287.4286
12/2/2020,368870,352684,853988,824733.5714,6.86,154030,148931.1429
12/3/2020,376044,351519,881637,821864,6.78,159533,148056.1429
12/4/2020,376009,351991.1429,878586,822338.8571,7.03,152033,147535.1429
12/5/2020,313326,354494.1429,735889,830458.2857,9.17,133860,148313.5714
12/6/2020,309323,357882,733357,839018.2857,8.1,137722,148975.5714
12/7/2020,361354,360429.5714,844237,846049.7143,7.72,154666,149058
12/8/2020,363862,357479.7143,845441,839297.4286,7.35,150674,146332.7143
12/9/2020,360715,360351.2857,833901,847010.5714,6.75,147905,146903.2857
12/10/2020,379349,347921.8571,884961,820277.5714,6.78,155886,142853.1429
12/11/2020,393530,312248.8571,935422,737086.5714,7.25,157482,127906.2857
12/12/2020,337041,296830.7143,795809,704026.7143,8.93,138494,120166.4286
12/13/2020,327156,286768.1429,782577,687615.5714,7.71,138299,115529.7143
12/14/2020,340705,273386.1429,796971,659178,7.54,135589,109116.7143
12/15/2020,383963,265269.2857,899433,645257.7143,6.85,154668,103038.4286
12/16/2020,273709,252311.8571,646770,620391.5714,8.05,119554,95722.42857
12/17/2020,129638,259609.8571,302624,643476,9.27,51258,95492.42857
12/18/2020,285603,279460.2857,704003,700506.7143,6.2,103303,102539.8571
12/19/2020,266603,265455.5714,680931,672046,8.4,106037,97652.57143
12/20/2020,233482,266048.5714,583514,674216.7143,8.97,93408,99005.71429
12/21/2020,283887,271317.2857,699529,689209.1429,6.86,93041,101980.2857
12/22/2020,293261,277519.1429,725370,703205,6.51,103456,107107.1429
12/23/2020,324795,283744.4286,808361,716013.4286,6.4,117944,111323.1429
12/24/2020,268591,286814.5714,701839,721993.7143,7.72,100590,113793.1429
12/25/2020,187570,292004.5714,504778,731800.7143,11.62,69092,116039.4286
12/26/2020,270754,295828.5714,696126,737604.8571,10.17,115509,118454.8571
12/27/2020,270363,297600.8571,688461,742186,9.48,114230,118744.2857
12/28/2020,327300,291623.1429,797500,726740.8571,8.59,128929,116184.2857
12/29/2020,336838,289655.5714,815029,720895.8571,8.45,132968,116544.8571
12/30/2020,346286,287044.2857,850223,714552.5714,7.98,135234,116230.2857
12/31/2020,304921,284621.1429,770488,706330,9.02,116314,116375.7143
1/1/2021,214338,289334.8571,545407,710131.1429,11.71,86000,119509.7143
1/2/2021,283160,307712.4286,728194,750895.7143,9.87,117535,127396.4286
1/3/2021,228519,310347.8571,580345,755022.8571,12.57,96310,129396.2857
1/4/2021,313527,316440.5714,756585,768751.2857,9.53,131453,132432.7143
1/5/2021,318559,317752.5714,770626,771032.2857,8.98,130766,132757.2857
1/6/2021,329324,320296,792665,774930.2857,9.03,136252,133701.4286
1/7/2021,337917,322279.7143,797096,777053.5714,8.63,138252,134245
1/8/2021,342981,323545.8571,830759,781954.7143,9.05,141207,134742.2857
1/9/2021,301608,322790.1429,757084,779725.8571,11.11,131534,132868.8571
1/10/2021,271168,322089.8571,676444,777995.5714,12.11,117565,132030.4286
1/11/2021,322711,323708,772552,781502.4286,9.54,133725,132930.2857
1/12/2021,336363,322625.4286,797912,782686.1429,9.23,137375,132621.5714
1/13/2021,343210,323682,807528,786044.4286,8.9,140057,133452.7143
1/14/2021,346780,321501.5714,831404,781837.4286,8.9,141733,132343.8571
1/15/2021,337691,322189,815157,782235,8.6,128093,132825.8571
1/16/2021,296706,325707,744972,789225.2857,10.6,125665,135159.1429
1/17/2021,282495,328077.2857,700992,793441.8571,10.7,123864,136652
1/18/2021,315133,327509.2857,780838,792111.1429,9.8,131564,136363.8571
1/19/2021,343759,331143.2857,821420,796981,8.37,143193,138058.7143
1/20/2021,327947,325049.1429,778079,780463.7143,8.93,132295,134872
1/21/2021,351592,325326,834187,781062.4286,7.93,145107,135024.1429
1/22/2021,362317,324793.4286,864089,779183.4286,8.16,144426,134573.4286
1/23/2021,313298,323100,774488,775834.2857,10.12,136115,134120.4286
1/24/2021,278519,322798.4286,691677,775029.8571,11.12,121847,133831.4286
1/25/2021,340571,320301,814927,768654,8.51,143428,132922.4286
1/26/2021,301100,278231.1429,705799,669631.1429,8.66,120886,113767.8571
1/27/2021,329885,252496.2857,782270,609472.4286,7.62,133360,102927.5714
1/28/2021,347864,243070.2857,821034,582649.5714,7.83,141952,98682.85714
1/29/2021,350463,232862.7143,840645,555990.5714,7.79,141255,92764.85714
1/30/2021,311187,223325.1429,768857,532300.7143,10.09,134092,87527.71429
1/31/2021,261037,218687.2857,647046,517289.1429,11,115484,84412.14286
2/1/2021,46082,201690.5714,121767,473168.7143,7.59,9346,75364.85714
2/2/2021,120956,234821.7143,284688,548185.8571,9.34,45004,89588
2/3/2021,263903,253939.8571,594510,591894.7143,6.86,103647,96034.42857
2/4/2021,276411,258494.8571,634421,604828.8571,6.36,100526,97159.57143
2/5/2021,283700,259397.4286,674816,610179.5714,7.3,104595,97216.42857
2/6/2021,278722,263015.8571,663776,623756.8571,9.81,112283,98818.71429
2/7/2021,142060,261940.8571,338203,627138.8571,11.93,52153,97985.57143
2/8/2021,278000,276428.4286,646887,663286.7143,8.13,108908,104542.1429
2/9/2021,254783,271113.2857,590650,657569.5714,7.93,90129,101619
2/10/2021,295788,277317,685049,675119.4286,7.52,111523,104438.7143
2/11/2021,282729,284133.5714,671876,696202.7143,7.54,100924,107529.7143
2/12/2021,309029,270353,769857,665644.5714,7.25,115811,101766.5714
2/13/2021,271197,258386.7143,687450,637773,9.26,106451,96122
2/14/2021,243473,258935.7143,591238,638493,9.85,98049,97377.14286
2/15/2021,240794,261269,606867,646756,9.88,88446,98827.28571
2/16/2021,298209,266666.4286,713499,655894.7143,8.33,109867,101601.2857
2/17/2021,343504,271506.2857,832632,666572.5714,7.4,133160,104992.5714
2/18/2021,186265,272928.2857,457969,668353.1429,8.8,60582,105954.8571
2/19/2021,225265,297246,574756,726473,8.7,76299,117182.4286
2/20/2021,275040,318670.1429,692490,774113.4286,9.84,115237,127350.2857
2/21/2021,259806,324619.8571,649079,784402.2857,10.53,108200,128551.2857
2/22/2021,278576,328637.1429,670838,791368.2857,7.96,107864,129892.8571
2/23/2021,332088,336076.1429,788244,807247.4286,7.75,133606,133264.8571
2/24/2021,353458,339716.7143,845096,815343.7143,7.72,139896,135284.2857
2/25/2021,356489,341797.2857,864808,819526.4286,7.49,139175,136293.4286
2/26/2021,375234,343961,908239,821151,7.74,147474,137489.7143
2/27/2021,316688,344895.7143,764512,822271,9.73,123644,137436.1429
2/28/2021,287927,350036.7143,697841,834514.8571,9.62,117591,140888.4286
3/1/2021,330649,353575.7143,781992,844029.2857,8.2,131468,142445.5714
3/2/2021,357572,357180.1429,844918,853152.4286,7.68,147742,144521.8571
3/3/2021,368022,358550.5714,874375,857582.1429,7.65,146960,144885.7143
3/4/2021,371635,358300.5714,876180,859605.4286,7.84,147549,145447.2857
3/5/2021,381777,359685.4286,916079,864385,6.93,147099,145743
3/6/2021,352675,361571.8571,850219,869651,9.58,147810,146254
3/7/2021,312700,362921.4286,764442,875276.8571,10.09,128491,144793.2857
3/8/2021,355880,364895.7143,845854,879497.7143,8.13,146002,144976.8571
3/9/2021,367165,365784.8571,875926,881983.8571,8.14,150289,145449.7143
3/10/2021,366272,364361.7143,888538,878145,8.13,150891,144408.4286
3/11/2021,381329,364324.4286,909637,876610.4286,8.1,149619,143654.8571
3/12/2021,394982,359415.2857,952941,863483.8571,8.3,150676,140476.1429
3/13/2021,362122,359369,889600,862901,10,137585,141010
3/14/2021,326520,360191.7143,793988,865138.8571,11.6,129776,142050.8571
3/15/2021,362104,361965.1429,863257,871045.1429,8.8,149312,142663
3/16/2021,357203,362252.7143,849054,873358.1429,7.6,143000,142464.1429
3/17/2021,366011,364202.2857,877796,878579.2857,8,145616,143361.2857
3/18/2021,346965,364071.8571,817751,875325,7.4,127368,143366.5714
3/19/2021,394658,369184.8571,948861,888133.5714,7.9,154413,146940.5714
3/20/2021,367881,369271.4286,905265,888300.2857,9.3,144871,145923.7143
3/21/2021,338934,371024,835332,883114.2857,10.6,134061,141894.5714
3/22/2021,364117,363487.7143,879448,874345.4286,8.9,147920,143952.8571
3/23/2021,370850,362766.7143,885602,872325.2857,7.9,149280,144083.1429
3/24/2021,365098,364983.4286,855016,876169.8571,7.7,145653,144610.7143
3/25/2021,382756,366726.2857,907411,883100.5714,7.6,152386,145544.2857
3/26/2021,395264,366533.2857,950028,883691.2857,8,147295,144711
3/27/2021,380149,366470.1429,868963,883151,9.1,116667,146652.8571
3/28/2021,286180,363986.8571,773950,885945.7143,11.2,148469,150689.4286
3/29/2021,359070,370327,865307,894335.7143,8.93,148832,147945.4286
3/30/2021,386367,373268.2857,912514,900805.2857,7.73,152973,148511.8571
3/31/2021,377298,372836.1429,903531,901344.5714,7.8,152188,148624.5714
4/1/2021,381405,374366.7143,911546,904427,7.62,146553,148571.5714
4/2/2021,394822,376998.7143,946246,910646.7143,8.3,160888,149453.7143
4/3/2021,362766,379060.1429,888526,916166,9.97,144923,149043.5714
4/4/2021,330561,381290.1429,832680,920322.2857,11.38,129261,149417.4286
4/5/2021,379659,378428,910594,907839,8.18,152797,148720.5714
4/6/2021,383342,375169.2857,916289,897551,7.6,153762,147102.8571
4/7/2021,388012,374675.2857,925108,894720.7143,7.62,151817,146849.1429
4/8/2021,399829,375451.8571,955084,896829.8571,7.54,152728,147760
4/9/2021,409252,370866.2857,984881,884651.1429,7.63,158017,145958.1429
4/10/2021,378376,370875.8571,917620,882920,9.14,147540,146578.8571
4/11/2021,310526,370235.2857,745297,886937.2857,10.29,124383,148443.1429
4/12/2021,356848,375718,838578,905177.5714,8.14,141473,151979.4286
4/13/2021,379884,379227.4286,896477,915579.8571,7.69,151986,154364.7143
4/14/2021,393448,381760.2857,939872,923724.5714,7.9,158193,155171.1429
4/15/2021,367730,380802.8571,869833,920549,7.13,140115,154584.5714
4/16/2021,409319,385845,972763,933366.5714,6.94,162362,157870.7143
4/17/2021,373892,387646,945741,936482.2857,9.02,160590,157664.8571
4/18/2021,348905,389556.4286,872979,938806.2857,10.46,149137,156573.1429
4/19/2021,381414,387644.4286,911394,931878.8571,8.55,158170,155038.1429
4/20/2021,397614,387911.2857,953490,932773.1429,7.59,157631,154264.5714
4/21/2021,386746,386353,917643,929552.1429,7.63,154087,154019.7143
4/22/2021,403025,388713.4286,959556,937642,7.47,163118,154313.7143
4/23/2021,421926,388122,994573,936368.2857,7.68,160921,153387
4/24/2021,387265,387383.5714,962009,939081.8571,9.24,152948,153204
4/25/2021,335521,387213.7143,824487,938590.7143,11.08,138392,152388.2857
4/26/2021,383282,391379.1429,917654,949763.8571,8.34,152755,152172.8571
4/27/2021,386706,390480,930943,948694,8.13,155917,151864.4286
4/28/2021,403269,390415.2857,974272,949559.1429,7.45,156145,151406.7143
4/29/2021,398885,387081.5714,950640,940024.2857,7.13,156631,149936.4286
4/30/2021,416757,388967,1013568,947132.1429,7.79,159640,150114.7143
5/1/2021,386076,390337.5714,958571,949392.7143,9.53,147238,150521
5/2/2021,364679,389787.2857,902699,946231.5714,10.28,136884,150394.5714
5/3/2021,376988,390060,910165,948364.8571,8.2,150596,150517.1429
5/4/2021,386253,391341.2857,936999,951005.8571,7.53,152713,151205
5/5/2021,379933,393025,907528,954033.7143,7.18,145853,151730.1429
5/6/2021,412083,396581.4286,1000395,963625.1429,7,157879,153347
5/7/2021,426351,396119,1029392,960701.2857,7.45,162484,152356.4286
5/8/2021,382224,395170.7143,936443,959765.4286,9.71,146353,151295.4286
5/9/2021,366588,397583.4286,917632,968060.1429,10.67,137742,151758.8571
5/10/2021,385957,397943.2857,928652,966971.8571,7.92,155411,152317
5/11/2021,398039,396335.7143,958194,965343.5714,7.11,156389,151406.2857
5/12/2021,404828,395317,974668,962956.1429,7.27,157171,151061.2857
5/13/2021,408846,396372.7143,979928,964382.2857,6.73,150945,150622.1429
5/14/2021,419713,398953.1429,1022841,968879.5714,7.5,155057,152067.1429
5/15/2021,399113,399520.4286,994506,970211.8571,9.31,149597,152221.5714
5/16/2021,369107,399588.3333,910014,966162.8333,9.64,141649,152458.2857
5/17/2021,374704,400819.8333,917254,971363.1667,8.65,149036,151611.4286
5/18/2021,390908,405143.5,941482,979339.1667,6.97,153974,152994.2857
5/19/2021,412218,408325.6667,984651,985315.3333,6.84,154097,153530.5714
5/20/2021,426909,408501.1667,1011409,985636.1667,6.7,161060,153512.4286
5/21/2021,423684,408668.5,1032167,989132.1667,7.22,156138,153324.4286
5/22/2021,,406514.3333,,985680,9.1,151254,153222.8571
5/23/2021,376496,396825.7143,941216,967212.1429,10.12,135721,150199.8571
5/24/2021,400646,387289,965110,942074.2857,7.85,158716,147729.5714
5/25/2021,410001,378352.7143,977339,927398.4286,7.04,157728,143198.4286
5/26/2021,413271,378920,986576,931629.2857,6.86,153970,143407.8571
5/27/2021,427913,380105.2857,1032385,934817.2857,6.38,159744,144603.8571
5/28/2021,410759,377884.8571,1011454,927227.8571,6.83,155427,143989
5/29/2021,338694,372405.8333,856405,913190.1667,9.37,130093,143578.2857
5/30/2021,309739,385314.3333,765251,942032,9.47,118429,145738.5714
5/31/2021,338092,398383.6667,862379,978104.1667,11.06,126998,148332.8571
6/1/2021,413972,409923.8333,1006955,997461.6667,7.41,159194,152073.2857
6/2/2021,421568,407818.1667,1008892,990367.5,6.85,162342,151107.7143
6/3/2021,412370,407161.1667,979259,988767.3333,6.45,155440,150192
6/4/2021,,411450.8333,,997649.3333,6.73,152552,150841.2857
6/5/2021,416145,414717.1429,1029456,1005426.571,8.88,145215,151902.7143
6/6/2021,388155,414901,981684,1004480.429,10.19,136589,153389.2857
6/7/2021,407333,415850,978524,1003299.143,7.41,153181,154422.8571
6/8/2021,401338,414648.4286,964390,1000008.571,6.34,152435,154059.4286
6/9/2021,417626,416181.8571,999291,1005483.286,6.16,155932,154231.2857
6/10/2021,438108,417018.4286,1032551,1009058.286,5.97,159985,153885.7143
6/11/2021,434315,417055.5714,1052090,1009786.857,6.52,159982,153031.8571
6/12/2021,417432,416555.4286,1022833,1010492.143,8.72,155621,152390.5714
6/13/2021,394798,416110.7143,973415,1012540.286,9.6,143824,151023.1429
6/14/2021,398922,414702.7143,955490,1012939.571,7.23,150637,149554.2857
6/15/2021,412072,415664,1002713,1019120.429,6.37,153638,149219.5714
6/16/2021,423482,412946.2857,1024316,1013593.143,6.37,153513,148386.2857
6/17/2021,438368,412302.4286,1037651,1013599.714,6.1,154008,148453.8571
6/18/2021,430814,410467,1057027,1013500.286,5.87,155493,148038.4286
6/19/2021,414319,410059,1037170,1012138.286,7.8,146049,147836
6/20/2021,384942,409191.8571,976210,1009090,9.82,133542,148242.4286
6/21/2021,405651,409685.1429,998756,1009069.286,7.42,148294,148915.5714
6/22/2021,393048,408348.4286,964022,1008210.714,6.35,147805,148500.8571
6/23/2021,418975,409619.2857,1024362,1009798.857,6.26,153986,148120.5714
6/24/2021,425520,408417.4286,1036955,1005656.857,6.4,151100,147042.2857
6/25/2021,427958,406519.4286,1047493,999941.1429,6.71,154076,146987
6/26/2021,408249,403009.4286,1015832,994392.1429,7.89,148894,146415.4286
6/27/2021,388395,396564.4286,976065,979570.4286,8.07,138254,144868.8571
6/28/2021,396294,386397.7143,992746,959779.5714,7.57,145391,141548.2857
6/29/2021,401944,379790.5714,975139,946976.1429,6.35,145143,138106.5714
6/30/2021,410562,377949.1429,995368,946699.1429,6.24,146438,138105.2857
7/1/2021,412234,376689.8571,996945,946041.7143,5.93,150713,137835.7143
7/2/2021,403388,376008.5714,1008650,936566.4286,7.93,150075,138014.4286
7/3/2021,363134,375930.5714,912080,921612.8571,9.89,138068,137505.2857
7/4/2021,317228,382395.8571,837529,926584.5714,11.65,115010,138818.2857
7/5/2021,350044,391446.8571,903122,930677.7143,11.46,121299,141659.7143
7/6/2021,389054,396963.5714,973200,929409.4286,7.51,145134,145676.7143
7/7/2021,401747,398058.5714,990766,920712.2857,7.16,144551,146250.2857
7/8/2021,407465,398829.4286,930618,912038.8571,6.15,151964,146702.7143
7/9/2021,402842,401109.2857,903975,921100.7143,6.46,146511,147006.8571
7/10/2021,408391,403495.5714,946882,933810.7143,8.29,147259,147566.7143
7/11/2021,380585,402638.5714,866181,931332.8571,9.88,134900,147051.8571
7/12/2021,388661,402447.2857,894244,932334.1429,7.61,149418,147495.4286
7/13/2021,396719,403946.2857,912320,936794.8571,6.7,149149,147368.8571
7/14/2021,407143,403966.4286,930052,940919.8571,6.34,147718,147822.2857
7/15/2021,423424,404356.5714,994051,943591.1429,5.77,154093,148650.5714
7/16/2021,419546,404680.8571,992945,944143.5714,6.08,150430,149332.2857
7/17/2021,402392,404894.4286,929537,944570.4286,8.71,143655,149347.4286
7/18/2021,379246,405463.5714,873190,948774.8571,9.04,138005,149377
7/19/2021,399154,405663,925469,951210.4286,7.48,148532,149098.5714
7/20/2021,396860,405822.2857,941195,953040.7143,7.42,152323,148862.1429
7/21/2021,409874,406425,948751,952966.2857,6.61,153516,148316.2857
7/22/2021,425694,406737.1429,997918,954187.7143,6.41,158865,148148.8571
7/23/2021,421041,404481.7143,995933,945221.5714,6.31,150536,147123.5714
7/24/2021,406376,403660.8571,958968,944326.7143,7.72,143862,147387.2857
7/25/2021,380642,403358.4286,890239,944424.7143,9.6,136056,147230.2857
7/26/2021,400269,403830,938281,946292.7143,7.39,146877,147599.1429
7/27/2021,401079,403447.4286,940674,946064.4286,6.72,148502,147747.2857
7/28/2021,412059,403602.1429,957301,945193.1429,6.55,152344,147963.4286
7/29/2021,409906,403441.1429,935155,942976.7143,6.37,151688,147865.7143
7/30/2021,415295,404655.1429,989669,948059.2857,6.55,152382,147943
7/31/2021,404259,406076.2857,959654,947554.4286,8.43,142763,147734.7143
8/1/2021,383943,406334.7143,903315,946655.2857,9.06,138638,147913.8571
8/2/2021,397591,405955,936683,943293,7.92,147914,148024.7143
8/3/2021,402162,405287.8571,934575,939710.7143,6.99,150015,148166
8/4/2021,410932,404838,941786,937151.2857,6.87,151660,148290.2857
8/5/2021,418404,404091.8571,970733,935597.8571,6.89,152229,147716.7143
8/6/2021,425243,402877,986135,933577.7143,6.65,150924,146551.4286
8/7/2021,406068,398448,953360,926978,8.44,144017,143857.5714
8/8/2021,381285,392747.4286,879779,919346.7143,9.35,139414,140515.1429
8/9/2021,392921,388640,911607,918817.4286,7.95,148903,136896.4286
8/10/2021,399013,384353.5714,916659,917511.5714,7.31,150885,133405.8571
8/11/2021,405709,383041.7143,930912,916973,7.08,147645,132225.4286
8/12/2021,409900,382260.1429,956592,915594.4286,6.09,144072,132015.8571
8/13/2021,394240,382190,939937,914198.8571,6.67,132067,132465.7143
8/14/2021,366164,385047.4286,899941,918158.7143,8.33,120620,134496.1429
8/15/2021,352533,389567,876074,925465.1429,9.6,114083,137534.4286
8/16/2021,362916,371428.2857,902466,875405.4286,8.28,124469,133589.7143
8/17/2021,389830,357590.5714,912889,852644.7143,7.44,142622,125975
8/18/2021,400238,340767.5714,921262,837710.5714,7.03,146178,114349.5714
8/19/2021,409409,322983.2857,946823,822632.2857,6.97,147221,102337.4286
8/20/2021,414242,305554.1429,967656,806425.4286,7.57,146280,90742.42857
8/21/2021,397801,290693.5714,951086,791108.4286,9.76,141888,80817.14286
8/22/2021,225562,287044.1429,525656,782708,12.77,86470,78916.42857
8/23/2021,266052,307151,743141,831460.8571,8.33,71166,83230.28571
8/24/2021,272069,323990.4286,808350,855379.2857,7.24,61244,92325.14286
8/25/2021,275748,342125.1429,815714,872993.4286,7.4,62093,103910.1429
8/26/2021,287405,353790.2857,833375,871018.5714,7.1,66056,114181.2857
8/27/2021,310218,369633.5714,860437,874570.4286,7.35,76803,124286.1429
8/28/2021,372255,385715.1429,892283,903235.4286,9.61,128583,134257.5714
8/29/2021,366310,388152.2857,866926,918304.8571,7.68,116667,135076
8/30/2021,383928,386670.1429,910570,923487.1429,8.37,134830,136301.2857
8/31/2021,399012,380212.4286,931649,917763.1429,7.51,142339,133617.5714
9/1/2021,357404,378532.2857,801890,923157.7143,7.6,133991,132909.1429
9/2/2021,398308,383819.2857,858238,948067.8571,6.94,136790,134008.4286
9/3/2021,422789,384233,1061092,962571.7143,7.64,146603,133714.8571
9/4/2021,389315,386199.1429,997769,960079.1429,9.69,134312,133860.4286
9/5/2021,355935,388810,903202,961327,10.26,125244,134552.2857
9/6/2021,338724,394267,870502,970640.5714,11.53,116044,135719
9/7/2021,387251,403191,969411,985439.7143,7.84,137380,139294.7143
9/8/2021,394413,405433.1429,976261,985980.8571,7.1,141686,140371.1429
9/9/2021,401204,406274.4286,959765,985711.7143,5.89,134735,140537.4286
9/10/2021,436552,405124.5714,1043644,984790,6.33,147622,141373.5714
9/11/2021,407591,403384.2857,1006504,982474,8.4,139155,140593.1429
9/12/2021,394134,405423.1429,968397,985693.2857,9.01,133411,141209.2857
9/13/2021,401192,405744.1429,974096,986328.2857,7.25,141074,141116.8571
9/14/2021,402946,403242.5714,973199,984318.2857,6.48,144915,140354.2857
9/15/2021,400302,399454.5714,974377,979018,6.55,142850,138558.1429
9/16/2021,393155,397652.4286,953313,975815.1429,7.63,140588,137640.8571
9/17/2021,424370,398770.1429,1027432,977810.5714,6.16,142159,137492.2857
9/18/2021,421863,398527.7143,1029039,979100.8571,8.73,143468,137327.4286
9/19/2021,396381,397603.4286,972842,977280.4286,7.87,132764,136811.1429
9/20/2021,383681,396636.5714,960026,975065.1429,4.92,135736,137760
9/21/2021,376430,396675.8571,936097,972109.1429,4.49,132342,138125
9/22/2021,387687,397368.8571,951957,969994.8571,5.34,136429,139236.4286
9/23/2021,400979,399742,967281,971766.2857,5.29,139548,140483.7143
9/24/2021,422673,403338.4286,1036464,979487,5.49,141005,141914.8571
9/25/2021,415393,402419.8571,1016296,978952.2857,7.71,139854,140639.8571
9/26/2021,389613,401692.7143,957335,978036.5714,9.5,139406,140676
9/27/2021,383956,401880.7143,939334,978892.2857,7.55,138291,139950.1429
9/28/2021,381281,401510.2857,921297,973117.2857,7.04,140122,139021.4286
9/29/2021,404299,403566.4286,964357,975602.8571,6.45,145160,138868.8571
9/30/2021,426154,403022.5714,1021326,976136.4286,6.51,149566,137869.5714
10/1/2021,416243,402827.5714,1032721,972754.7143,6.49,132080,137113.5714
10/2/2021,410303,405220,1009886,975307.5714,7.15,140107,139292.2857
10/3/2021,390929,405141.7143,963325,974300.7143,5.94,134325,139689.1429
10/4/2021,381363,402794.8571,898909,964646.4286,7.12,131790,138939.1429
10/5/2021,395674,401859.1429,938696,970554.2857,6.33,139054,138570
10/6/2021,400492,402306.4286,968092,974031.5714,5.85,138165,138644
10/7/2021,424789,403267.7143,997654,972773.4286,6.07,144274,138888.8571
10/8/2021,432990,401581.8571,1050591,972925.1429,6.37,147331,138626.4286
10/9/2021,409755,400599.8571,1002838,970136,7.32,142885,137933.2857
10/10/2021,374501,400753.5714,895745,967644.4286,7.87,129075,138293.5714
10/11/2021,374813,403985.7143,940264,975779.8571,6.83,129206,139848.8571
10/12/2021,398805,406864,963037,974981.5714,6.48,139572,141635
10/13/2021,407221,406861.7143,959285,971064.4286,6.16,139879,141739
10/14/2021,412988,407574.8571,998716,970778.7143,6.14,142437,142337.7143
10/15/2021,426116,408868.2857,1031067,968153.8571,6.12,142479,142632.2857
10/16/2021,410831,409012.7143,985397,965130.7143,7.71,145407,142776.5714
10/17/2021,397126,409347.4286,952693,964663.1429,8.53,139962,142564.2857
10/18/2021,394961,408685.5714,934676,960915.8571,7.22,141709,142098.4286
10/19/2021,398789,407933.5714,935617,955362,6.13,140300,141409.4286
10/20/2021,412213,401404.8571,957285,935714.2857,6.05,144070,139865.5714
10/21/2021,422042,401608.2857,980342,935807.1429,5.82,144499,140344.4286
10/22/2021,427127,404070,1009905,938975.2857,6.08,143489,141471.7143
10/23/2021,413174,404659.8571,982124,938271,6.98,143921,141666
10/24/2021,392493,404428.8571,926462,933279.2857,7.48,136701,141347.1429
10/25/2021,389697,405436.7143,895799,932317.7143,6.82,136886,141421.8571
10/26/2021,353088,408009.1429,798083,939597.5714,6.76,129493,142707.5714
10/27/2021,413637,412651.1429,957935,954936.7143,5.7,147422,144244.8571
10/28/2021,439274,412048.7143,1002519,953505.5714,5.69,152390,144562.4286
10/29/2021,431256,410653.2857,1004975,950929.1429,6.38,144849,144287.1429
10/30/2021,411557,409745.8571,947182,950587.7143,7.71,141689,143752.2857
10/31/2021,399548,411169.7143,919731,954553,7.88,137224,144026.5714
11/1/2021,407704,406260,946758,948728.8571,6.74,145886,139349.1429
11/2/2021,385582,405287.1429,905457,945821.4286,6.36,140254,139114
11/3/2021,409420,408403.8571,947917,949257.4286,6,149645,139802
11/4/2021,429506,409783.8571,984484,950050,5.5,150463,139266.8571
11/5/2021,424904,406153.5714,1002585,944805.2857,6.14,141105,137971.7143
11/6/2021,421524,404403,974939,938643.1429,6.64,143609,137322.2857
11/7/2021,365180,401780,878962,934077,7.77,104482,137028.1429
11/8/2021,400894,405189.2857,926406,936320.2857,6.51,144240,142046.1429
11/9/2021,407399,404610.1429,929509,935256,5.76,145070,141619.1429
11/10/2021,419080,404841.8571,953465,935962.5714,5.5,145899,141608.2857
11/11/2021,404094,404824.8571,947771,935784.5714,4.13,141397,141369.1429
11/12/2021,412650,408225.8571,959450,943696.4286,5.77,136559,141508.7143
11/13/2021,403163,410630.8571,942976,951843.7143,6.75,141550,142871.4286
11/14/2021,389045,413200.1429,894665,954811,7.95,139608,142551.2857
11/15/2021,396840,413616.8571,918956,956881.4286,6.54,141251,142593.8571
11/16/2021,409021,413692,934455,958993.5714,5.57,144994,142157.8571
11/17/2021,418961,415094.1429,952219,966743.5714,5.67,144225,141685.5714
11/18/2021,427901,414430.4286,1003154,973633.2857,6.14,142374,141201.7143
11/19/2021,429485,400562,1016481,953931.1429,6.12,146098,136711.4286
11/20/2021,421148,388622.4286,963747,931267.1429,6.94,139309,133208
11/21/2021,391962,382736.8571,909158,924942.4286,7.45,139906,132244.4286
11/22/2021,397366,383150.5714,933741,920767.7143,6.73,138199,131799.1429
11/23/2021,418836,383286.4286,988705,920972.7143,5.93,141688,131653.7143
11/24/2021,414315,380845,1000447,911688.1429,6.36,140838,130862
11/25/2021,330822,379661.8571,865239,902905.8571,7.66,110942,130829.7143
11/26/2021,345908,377099.1429,857833,880071.5714,7.96,121574,134660.5714
11/27/2021,379949,388356,919474,898665.7143,7.65,132564,137373.1429
11/28/2021,394858,389757.1667,879935,895197.6667,8.03,136789,138174.6667
11/29/2021,398317,388737,935176,898250.2,6.5,137181,138451.8
11/30/2021,401746,386342,923713,889018.75,5.91,136146,138769.5
12/1/2021,406033,381207.3333,938971,877454,5.02,140612,139644
12/2/2021,312883,368794.5,705399,846695.5,4.96,137758,139160
12/3/2021,424706,424706,987992,987992,5.62,140562,140562
